<?xml version="1.0" encoding="UTF-8"?>
<osm version="0.6" generator="openstreetmap-cgimap 2.1.0 (1335 spike-07.openstreetmap.org)" copyright="OpenStreetMap and contributors" attribution="http://www.openstreetmap.org/copyright" license="http://opendatacommons.org/licenses/odbl/1-0/">
 <bounds minlat="22.6553260" minlon="88.3461690" maxlat="22.6570020" maxlon="88.3493280"/>
 <node id="664458746" visible="true" version="5" changeset="117204702" timestamp="2022-02-09T14:16:50Z" user="Belwal11" uid="14819380" lat="22.7500870" lon="88.3441088"/>
 <node id="664458751" visible="true" version="7" changeset="117204702" timestamp="2022-02-09T14:16:50Z" user="Belwal11" uid="14819380" lat="22.7497840" lon="88.3466287"/>
 <node id="664459093" visible="true" version="4" changeset="117204702" timestamp="2022-02-09T14:16:50Z" user="Belwal11" uid="14819380" lat="22.7495675" lon="88.3466783"/>
 <node id="664459094" visible="true" version="4" changeset="117204702" timestamp="2022-02-09T14:16:50Z" user="Belwal11" uid="14819380" lat="22.7494439" lon="88.3467923"/>
 <node id="664459095" visible="true" version="5" changeset="117204702" timestamp="2022-02-09T14:16:50Z" user="Belwal11" uid="14819380" lat="22.7490258" lon="88.3478464"/>
 <node id="664459096" visible="true" version="5" changeset="117204702" timestamp="2022-02-09T14:16:50Z" user="Belwal11" uid="14819380" lat="22.7487599" lon="88.3482353"/>
 <node id="664459097" visible="true" version="4" changeset="117204702" timestamp="2022-02-09T14:16:50Z" user="Belwal11" uid="14819380" lat="22.7469060" lon="88.3489569"/>
 <node id="664459098" visible="true" version="5" changeset="117204702" timestamp="2022-02-09T14:16:50Z" user="Belwal11" uid="14819380" lat="22.7457285" lon="88.3494544"/>
 <node id="664459099" visible="true" version="6" changeset="117207322" timestamp="2022-02-09T15:12:29Z" user="Belwal11" uid="14819380" lat="22.7437942" lon="88.3499721"/>
 <node id="664459100" visible="true" version="5" changeset="117207322" timestamp="2022-02-09T15:12:29Z" user="Belwal11" uid="14819380" lat="22.7426093" lon="88.3503087"/>
 <node id="664459101" visible="true" version="5" changeset="117207322" timestamp="2022-02-09T15:12:29Z" user="Belwal11" uid="14819380" lat="22.7411548" lon="88.3505943"/>
 <node id="664459102" visible="true" version="5" changeset="117207322" timestamp="2022-02-09T15:12:29Z" user="Belwal11" uid="14819380" lat="22.7406662" lon="88.3506627"/>
 <node id="664459103" visible="true" version="4" changeset="117207322" timestamp="2022-02-09T15:12:29Z" user="Belwal11" uid="14819380" lat="22.7379921" lon="88.3509350"/>
 <node id="664459104" visible="true" version="5" changeset="117207322" timestamp="2022-02-09T15:12:29Z" user="Belwal11" uid="14819380" lat="22.7366879" lon="88.3512435"/>
 <node id="664459105" visible="true" version="5" changeset="117207322" timestamp="2022-02-09T15:12:29Z" user="Belwal11" uid="14819380" lat="22.7357249" lon="88.3515036"/>
 <node id="664459106" visible="true" version="5" changeset="117207322" timestamp="2022-02-09T15:12:29Z" user="Belwal11" uid="14819380" lat="22.7349147" lon="88.3518845"/>
 <node id="664459107" visible="true" version="5" changeset="117207322" timestamp="2022-02-09T15:12:29Z" user="Belwal11" uid="14819380" lat="22.7344459" lon="88.3521956"/>
 <node id="664459108" visible="true" version="5" changeset="117207322" timestamp="2022-02-09T15:12:29Z" user="Belwal11" uid="14819380" lat="22.7343297" lon="88.3522184"/>
 <node id="664459109" visible="true" version="5" changeset="117207322" timestamp="2022-02-09T15:12:29Z" user="Belwal11" uid="14819380" lat="22.7336902" lon="88.3523123"/>
 <node id="664459110" visible="true" version="5" changeset="117207322" timestamp="2022-02-09T15:12:29Z" user="Belwal11" uid="14819380" lat="22.7331620" lon="88.3524585"/>
 <node id="664459111" visible="true" version="5" changeset="117207322" timestamp="2022-02-09T15:12:29Z" user="Belwal11" uid="14819380" lat="22.7320512" lon="88.3530325"/>
 <node id="664459112" visible="true" version="5" changeset="117207322" timestamp="2022-02-09T15:12:29Z" user="Belwal11" uid="14819380" lat="22.7314365" lon="88.3532685"/>
 <node id="664459113" visible="true" version="5" changeset="117207322" timestamp="2022-02-09T15:12:29Z" user="Belwal11" uid="14819380" lat="22.7309096" lon="88.3534402"/>
 <node id="664459284" visible="true" version="5" changeset="117207322" timestamp="2022-02-09T15:12:29Z" user="Belwal11" uid="14819380" lat="22.7305088" lon="88.3533879"/>
 <node id="664459285" visible="true" version="4" changeset="117207322" timestamp="2022-02-09T15:12:29Z" user="Belwal11" uid="14819380" lat="22.7295508" lon="88.3530720"/>
 <node id="664459286" visible="true" version="4" changeset="117207322" timestamp="2022-02-09T15:12:29Z" user="Belwal11" uid="14819380" lat="22.7291951" lon="88.3530164"/>
 <node id="664459287" visible="true" version="5" changeset="117207322" timestamp="2022-02-09T15:12:29Z" user="Belwal11" uid="14819380" lat="22.7282600" lon="88.3529614"/>
 <node id="664459288" visible="true" version="5" changeset="117207322" timestamp="2022-02-09T15:12:29Z" user="Belwal11" uid="14819380" lat="22.7256586" lon="88.3528192"/>
 <node id="664459289" visible="true" version="5" changeset="117207322" timestamp="2022-02-09T15:12:29Z" user="Belwal11" uid="14819380" lat="22.7250587" lon="88.3527938"/>
 <node id="664459290" visible="true" version="5" changeset="117207322" timestamp="2022-02-09T15:12:29Z" user="Belwal11" uid="14819380" lat="22.7246950" lon="88.3528635"/>
 <node id="664459291" visible="true" version="5" changeset="117207322" timestamp="2022-02-09T15:12:29Z" user="Belwal11" uid="14819380" lat="22.7244588" lon="88.3529574"/>
 <node id="664459293" visible="true" version="4" changeset="117207322" timestamp="2022-02-09T15:12:29Z" user="Belwal11" uid="14819380" lat="22.7241013" lon="88.3532242"/>
 <node id="664459295" visible="true" version="4" changeset="117207322" timestamp="2022-02-09T15:12:29Z" user="Belwal11" uid="14819380" lat="22.7236498" lon="88.3536346"/>
 <node id="664459297" visible="true" version="4" changeset="117207322" timestamp="2022-02-09T15:12:29Z" user="Belwal11" uid="14819380" lat="22.7232081" lon="88.3539739"/>
 <node id="664459299" visible="true" version="4" changeset="117207322" timestamp="2022-02-09T15:12:29Z" user="Belwal11" uid="14819380" lat="22.7228321" lon="88.3541711"/>
 <node id="664459301" visible="true" version="4" changeset="117207322" timestamp="2022-02-09T15:12:29Z" user="Belwal11" uid="14819380" lat="22.7222928" lon="88.3544151"/>
 <node id="664459306" visible="true" version="5" changeset="117207322" timestamp="2022-02-09T15:12:29Z" user="Belwal11" uid="14819380" lat="22.7219823" lon="88.3544809"/>
 <node id="664459307" visible="true" version="5" changeset="117207322" timestamp="2022-02-09T15:12:29Z" user="Belwal11" uid="14819380" lat="22.7216631" lon="88.3544902"/>
 <node id="664459308" visible="true" version="5" changeset="117207322" timestamp="2022-02-09T15:12:29Z" user="Belwal11" uid="14819380" lat="22.7207353" lon="88.3543548"/>
 <node id="664459309" visible="true" version="4" changeset="117207322" timestamp="2022-02-09T15:12:29Z" user="Belwal11" uid="14819380" lat="22.7200970" lon="88.3544232"/>
 <node id="664459310" visible="true" version="4" changeset="117207322" timestamp="2022-02-09T15:12:29Z" user="Belwal11" uid="14819380" lat="22.7195490" lon="88.3545546"/>
 <node id="664459311" visible="true" version="4" changeset="117207322" timestamp="2022-02-09T15:12:29Z" user="Belwal11" uid="14819380" lat="22.7188328" lon="88.3546525"/>
 <node id="664459312" visible="true" version="4" changeset="117207322" timestamp="2022-02-09T15:12:29Z" user="Belwal11" uid="14819380" lat="22.7175846" lon="88.3548698"/>
 <node id="664459313" visible="true" version="4" changeset="117207322" timestamp="2022-02-09T15:12:29Z" user="Belwal11" uid="14819380" lat="22.7171726" lon="88.3549744"/>
 <node id="664459314" visible="true" version="4" changeset="117207322" timestamp="2022-02-09T15:12:29Z" user="Belwal11" uid="14819380" lat="22.7162374" lon="88.3550146"/>
 <node id="664459315" visible="true" version="4" changeset="117207322" timestamp="2022-02-09T15:12:29Z" user="Belwal11" uid="14819380" lat="22.7153715" lon="88.3550173"/>
 <node id="664459316" visible="true" version="4" changeset="117207322" timestamp="2022-02-09T15:12:29Z" user="Belwal11" uid="14819380" lat="22.7150956" lon="88.3551487"/>
 <node id="664459317" visible="true" version="4" changeset="117207322" timestamp="2022-02-09T15:12:29Z" user="Belwal11" uid="14819380" lat="22.7147294" lon="88.3552788"/>
 <node id="664459318" visible="true" version="4" changeset="117207322" timestamp="2022-02-09T15:12:29Z" user="Belwal11" uid="14819380" lat="22.7142284" lon="88.3554062"/>
 <node id="664459319" visible="true" version="5" changeset="117207322" timestamp="2022-02-09T15:12:29Z" user="Belwal11" uid="14819380" lat="22.7137348" lon="88.3554478"/>
 <node id="664459320" visible="true" version="5" changeset="117207322" timestamp="2022-02-09T15:12:29Z" user="Belwal11" uid="14819380" lat="22.7132016" lon="88.3554505"/>
 <node id="664459321" visible="true" version="5" changeset="117207322" timestamp="2022-02-09T15:12:29Z" user="Belwal11" uid="14819380" lat="22.7128565" lon="88.3554706"/>
 <node id="664459322" visible="true" version="5" changeset="117207322" timestamp="2022-02-09T15:12:29Z" user="Belwal11" uid="14819380" lat="22.7127228" lon="88.3555765"/>
 <node id="664459323" visible="true" version="4" changeset="117207322" timestamp="2022-02-09T15:12:29Z" user="Belwal11" uid="14819380" lat="22.7123579" lon="88.3559963"/>
 <node id="664459324" visible="true" version="5" changeset="117207322" timestamp="2022-02-09T15:12:29Z" user="Belwal11" uid="14819380" lat="22.7118841" lon="88.3565354"/>
 <node id="664459325" visible="true" version="5" changeset="117207322" timestamp="2022-02-09T15:12:29Z" user="Belwal11" uid="14819380" lat="22.7117492" lon="88.3566508"/>
 <node id="664459326" visible="true" version="5" changeset="117207322" timestamp="2022-02-09T15:12:29Z" user="Belwal11" uid="14819380" lat="22.7115278" lon="88.3567728"/>
 <node id="664459327" visible="true" version="5" changeset="117207322" timestamp="2022-02-09T15:12:29Z" user="Belwal11" uid="14819380" lat="22.7112952" lon="88.3567876"/>
 <node id="664459328" visible="true" version="5" changeset="117207322" timestamp="2022-02-09T15:12:29Z" user="Belwal11" uid="14819380" lat="22.7106136" lon="88.3566481"/>
 <node id="664459329" visible="true" version="5" changeset="117207322" timestamp="2022-02-09T15:12:29Z" user="Belwal11" uid="14819380" lat="22.7097513" lon="88.3565488"/>
 <node id="664459330" visible="true" version="5" changeset="117207322" timestamp="2022-02-09T15:12:29Z" user="Belwal11" uid="14819380" lat="22.7092837" lon="88.3566535"/>
 <node id="664459331" visible="true" version="5" changeset="117207322" timestamp="2022-02-09T15:12:29Z" user="Belwal11" uid="14819380" lat="22.7089335" lon="88.3567527"/>
 <node id="664459332" visible="true" version="5" changeset="117207322" timestamp="2022-02-09T15:12:29Z" user="Belwal11" uid="14819380" lat="22.7086304" lon="88.3567795"/>
 <node id="664459333" visible="true" version="5" changeset="117207322" timestamp="2022-02-09T15:12:29Z" user="Belwal11" uid="14819380" lat="22.7083187" lon="88.3568573"/>
 <node id="664459334" visible="true" version="5" changeset="117207322" timestamp="2022-02-09T15:12:29Z" user="Belwal11" uid="14819380" lat="22.7082234" lon="88.3569096"/>
 <node id="664459335" visible="true" version="6" changeset="118346991" timestamp="2022-03-11T04:44:20Z" user="VLD120" uid="9124224" lat="22.7074298" lon="88.3575500"/>
 <node id="664459336" visible="true" version="5" changeset="117207322" timestamp="2022-02-09T15:12:29Z" user="Belwal11" uid="14819380" lat="22.7071459" lon="88.3577330"/>
 <node id="664459337" visible="true" version="5" changeset="117207322" timestamp="2022-02-09T15:12:29Z" user="Belwal11" uid="14819380" lat="22.7064766" lon="88.3578725"/>
 <node id="664459338" visible="true" version="5" changeset="117207322" timestamp="2022-02-09T15:12:29Z" user="Belwal11" uid="14819380" lat="22.7058332" lon="88.3580428"/>
 <node id="664459339" visible="true" version="5" changeset="117207322" timestamp="2022-02-09T15:12:29Z" user="Belwal11" uid="14819380" lat="22.7055165" lon="88.3580884"/>
 <node id="664459340" visible="true" version="5" changeset="117207322" timestamp="2022-02-09T15:12:29Z" user="Belwal11" uid="14819380" lat="22.7053854" lon="88.3580871"/>
 <node id="664459341" visible="true" version="5" changeset="117207322" timestamp="2022-02-09T15:12:29Z" user="Belwal11" uid="14819380" lat="22.7051144" lon="88.3580871"/>
 <node id="664459342" visible="true" version="4" changeset="117207322" timestamp="2022-02-09T15:12:29Z" user="Belwal11" uid="14819380" lat="22.7049536" lon="88.3581126"/>
 <node id="664459343" visible="true" version="5" changeset="117207322" timestamp="2022-02-09T15:12:29Z" user="Belwal11" uid="14819380" lat="22.7043548" lon="88.3582427"/>
 <node id="664459344" visible="true" version="5" changeset="117207322" timestamp="2022-02-09T15:12:29Z" user="Belwal11" uid="14819380" lat="22.7040802" lon="88.3582641"/>
 <node id="664459345" visible="true" version="6" changeset="117207322" timestamp="2022-02-09T15:12:29Z" user="Belwal11" uid="14819380" lat="22.7039267" lon="88.3582708"/>
 <node id="664459346" visible="true" version="4" changeset="117207322" timestamp="2022-02-09T15:12:29Z" user="Belwal11" uid="14819380" lat="22.7037820" lon="88.3582883"/>
 <node id="664459347" visible="true" version="5" changeset="117207322" timestamp="2022-02-09T15:12:29Z" user="Belwal11" uid="14819380" lat="22.7035878" lon="88.3583446"/>
 <node id="664459352" visible="true" version="6" changeset="117212272" timestamp="2022-02-09T17:25:57Z" user="Belwal11" uid="14819380" lat="22.7006135" lon="88.3587751"/>
 <node id="664459354" visible="true" version="4" changeset="117212272" timestamp="2022-02-09T17:25:57Z" user="Belwal11" uid="14819380" lat="22.6998947" lon="88.3590567"/>
 <node id="664459355" visible="true" version="5" changeset="117212272" timestamp="2022-02-09T17:25:57Z" user="Belwal11" uid="14819380" lat="22.6995557" lon="88.3592445"/>
 <node id="664459356" visible="true" version="7" changeset="146441052" timestamp="2024-01-19T12:07:04Z" user="olarumankhan" uid="19619725" lat="22.6993060" lon="88.3593850"/>
 <node id="664459357" visible="true" version="6" changeset="117212272" timestamp="2022-02-09T17:25:57Z" user="Belwal11" uid="14819380" lat="22.6989878" lon="88.3593866"/>
 <node id="664459360" visible="true" version="6" changeset="117212272" timestamp="2022-02-09T17:25:57Z" user="Belwal11" uid="14819380" lat="22.6972099" lon="88.3586128"/>
 <node id="664459364" visible="true" version="5" changeset="117212272" timestamp="2022-02-09T17:25:57Z" user="Belwal11" uid="14819380" lat="22.6948430" lon="88.3582896"/>
 <node id="664459365" visible="true" version="5" changeset="117212272" timestamp="2022-02-09T17:25:57Z" user="Belwal11" uid="14819380" lat="22.6945609" lon="88.3581863"/>
 <node id="664459367" visible="true" version="4" changeset="117212272" timestamp="2022-02-09T17:25:57Z" user="Belwal11" uid="14819380" lat="22.6941625" lon="88.3577317"/>
 <node id="664459368" visible="true" version="6" changeset="117228618" timestamp="2022-02-10T06:00:14Z" user="Belwal11" uid="14819380" lat="22.6938569" lon="88.3573750"/>
 <node id="664459369" visible="true" version="5" changeset="117228618" timestamp="2022-02-10T06:00:14Z" user="Belwal11" uid="14819380" lat="22.6936021" lon="88.3572154"/>
 <node id="664459372" visible="true" version="5" changeset="117228618" timestamp="2022-02-10T06:00:14Z" user="Belwal11" uid="14819380" lat="22.6908701" lon="88.3568694"/>
 <node id="664459373" visible="true" version="5" changeset="117228618" timestamp="2022-02-10T06:00:14Z" user="Belwal11" uid="14819380" lat="22.6902106" lon="88.3568197"/>
 <node id="664459374" visible="true" version="4" changeset="117228618" timestamp="2022-02-10T06:00:14Z" user="Belwal11" uid="14819380" lat="22.6885774" lon="88.3565167"/>
 <node id="664459375" visible="true" version="4" changeset="117228618" timestamp="2022-02-10T06:00:14Z" user="Belwal11" uid="14819380" lat="22.6876420" lon="88.3564456"/>
 <node id="664459376" visible="true" version="4" changeset="117228618" timestamp="2022-02-10T06:00:14Z" user="Belwal11" uid="14819380" lat="22.6867065" lon="88.3563799"/>
 <node id="664459377" visible="true" version="4" changeset="117228618" timestamp="2022-02-10T06:00:14Z" user="Belwal11" uid="14819380" lat="22.6863081" lon="88.3562833"/>
 <node id="664459378" visible="true" version="4" changeset="117228618" timestamp="2022-02-10T06:00:14Z" user="Belwal11" uid="14819380" lat="22.6856647" lon="88.3558474"/>
 <node id="664459379" visible="true" version="4" changeset="117228618" timestamp="2022-02-10T06:00:14Z" user="Belwal11" uid="14819380" lat="22.6855162" lon="88.3556879"/>
 <node id="664459380" visible="true" version="4" changeset="117228618" timestamp="2022-02-10T06:00:14Z" user="Belwal11" uid="14819380" lat="22.6852947" lon="88.3554666"/>
 <node id="664459381" visible="true" version="4" changeset="117228618" timestamp="2022-02-10T06:00:14Z" user="Belwal11" uid="14819380" lat="22.6850361" lon="88.3552574"/>
 <node id="664459382" visible="true" version="4" changeset="117228618" timestamp="2022-02-10T06:00:14Z" user="Belwal11" uid="14819380" lat="22.6845127" lon="88.3547263"/>
 <node id="664459383" visible="true" version="4" changeset="117228618" timestamp="2022-02-10T06:00:14Z" user="Belwal11" uid="14819380" lat="22.6843296" lon="88.3544996"/>
 <node id="664459384" visible="true" version="6" changeset="118355996" timestamp="2022-03-11T10:01:26Z" user="VLD106" uid="9124217" lat="22.6841608" lon="88.3544268"/>
 <node id="664459385" visible="true" version="6" changeset="117228618" timestamp="2022-02-10T06:00:14Z" user="Belwal11" uid="14819380" lat="22.6832271" lon="88.3542609"/>
 <node id="664459386" visible="true" version="4" changeset="117228618" timestamp="2022-02-10T06:00:14Z" user="Belwal11" uid="14819380" lat="22.6826307" lon="88.3541121"/>
 <node id="664459387" visible="true" version="4" changeset="117228618" timestamp="2022-02-10T06:00:14Z" user="Belwal11" uid="14819380" lat="22.6818623" lon="88.3537728"/>
 <node id="664459388" visible="true" version="4" changeset="117228618" timestamp="2022-02-10T06:00:14Z" user="Belwal11" uid="14819380" lat="22.6810258" lon="88.3535019"/>
 <node id="664459389" visible="true" version="5" changeset="117228618" timestamp="2022-02-10T06:00:14Z" user="Belwal11" uid="14819380" lat="22.6798626" lon="88.3531666"/>
 <node id="664459390" visible="true" version="5" changeset="117228618" timestamp="2022-02-10T06:00:14Z" user="Belwal11" uid="14819380" lat="22.6785386" lon="88.3529171"/>
 <node id="664459391" visible="true" version="4" changeset="117228618" timestamp="2022-02-10T06:00:14Z" user="Belwal11" uid="14819380" lat="22.6775412" lon="88.3527227"/>
 <node id="664459392" visible="true" version="4" changeset="117228618" timestamp="2022-02-10T06:00:14Z" user="Belwal11" uid="14819380" lat="22.6766565" lon="88.3524920"/>
 <node id="664459393" visible="true" version="4" changeset="117228618" timestamp="2022-02-10T06:00:14Z" user="Belwal11" uid="14819380" lat="22.6756789" lon="88.3521554"/>
 <node id="664459394" visible="true" version="4" changeset="117228618" timestamp="2022-02-10T06:00:14Z" user="Belwal11" uid="14819380" lat="22.6753807" lon="88.3519945"/>
 <node id="664459395" visible="true" version="5" changeset="117228618" timestamp="2022-02-10T06:00:14Z" user="Belwal11" uid="14819380" lat="22.6739811" lon="88.3514996"/>
 <node id="664459396" visible="true" version="5" changeset="117228618" timestamp="2022-02-10T06:00:14Z" user="Belwal11" uid="14819380" lat="22.6735579" lon="88.3512984"/>
 <node id="664459397" visible="true" version="5" changeset="117228618" timestamp="2022-02-10T06:00:14Z" user="Belwal11" uid="14819380" lat="22.6723848" lon="88.3509551"/>
 <node id="664459398" visible="true" version="5" changeset="117228618" timestamp="2022-02-10T06:00:14Z" user="Belwal11" uid="14819380" lat="22.6715767" lon="88.3507714"/>
 <node id="664459399" visible="true" version="5" changeset="117228618" timestamp="2022-02-10T06:00:14Z" user="Belwal11" uid="14819380" lat="22.6710632" lon="88.3507553"/>
 <node id="664459400" visible="true" version="5" changeset="117228618" timestamp="2022-02-10T06:00:14Z" user="Belwal11" uid="14819380" lat="22.6704110" lon="88.3509256"/>
 <node id="664459401" visible="true" version="4" changeset="117228618" timestamp="2022-02-10T06:00:14Z" user="Belwal11" uid="14819380" lat="22.6702638" lon="88.3509859"/>
 <node id="664459402" visible="true" version="4" changeset="117228618" timestamp="2022-02-10T06:00:14Z" user="Belwal11" uid="14819380" lat="22.6698331" lon="88.3512005"/>
 <node id="664459403" visible="true" version="4" changeset="117228618" timestamp="2022-02-10T06:00:14Z" user="Belwal11" uid="14819380" lat="22.6693926" lon="88.3512555"/>
 <node id="664459404" visible="true" version="4" changeset="117228618" timestamp="2022-02-10T06:00:14Z" user="Belwal11" uid="14819380" lat="22.6688035" lon="88.3511697"/>
 <node id="664459405" visible="true" version="4" changeset="117228618" timestamp="2022-02-10T06:00:14Z" user="Belwal11" uid="14819380" lat="22.6680635" lon="88.3511120"/>
 <node id="664459406" visible="true" version="4" changeset="117228618" timestamp="2022-02-10T06:00:14Z" user="Belwal11" uid="14819380" lat="22.6668124" lon="88.3510114"/>
 <node id="664459407" visible="true" version="4" changeset="85201304" timestamp="2020-05-14T12:12:58Z" user="Asha12" uid="9086418" lat="22.6651004" lon="88.3507368"/>
 <node id="664459408" visible="true" version="7" changeset="117228618" timestamp="2022-02-10T06:00:14Z" user="Belwal11" uid="14819380" lat="22.6645799" lon="88.3505139"/>
 <node id="664459409" visible="true" version="7" changeset="118305536" timestamp="2022-03-10T06:46:02Z" user="VLD106" uid="9124217" lat="22.6643157" lon="88.3502897"/>
 <node id="664459410" visible="true" version="7" changeset="118305536" timestamp="2022-03-10T06:46:02Z" user="VLD106" uid="9124217" lat="22.6641905" lon="88.3502285"/>
 <node id="664459411" visible="true" version="5" changeset="117228618" timestamp="2022-02-10T06:00:14Z" user="Belwal11" uid="14819380" lat="22.6636418" lon="88.3500485"/>
 <node id="664459412" visible="true" version="7" changeset="117228618" timestamp="2022-02-10T06:00:14Z" user="Belwal11" uid="14819380" lat="22.6634611" lon="88.3498876"/>
 <node id="664459414" visible="true" version="5" changeset="117228618" timestamp="2022-02-10T06:00:14Z" user="Belwal11" uid="14819380" lat="22.6630874" lon="88.3495040"/>
 <node id="664459416" visible="true" version="6" changeset="117228618" timestamp="2022-02-10T06:00:14Z" user="Belwal11" uid="14819380" lat="22.6626666" lon="88.3493914"/>
 <node id="664459419" visible="true" version="6" changeset="117228618" timestamp="2022-02-10T06:00:14Z" user="Belwal11" uid="14819380" lat="22.6614748" lon="88.3496891"/>
 <node id="664459420" visible="true" version="4" changeset="117228618" timestamp="2022-02-10T06:00:14Z" user="Belwal11" uid="14819380" lat="22.6610108" lon="88.3496690"/>
 <node id="664459422" visible="true" version="6" changeset="117228618" timestamp="2022-02-10T06:00:14Z" user="Belwal11" uid="14819380" lat="22.6576829" lon="88.3487436"/>
 <node id="664459423" visible="true" version="5" changeset="117228618" timestamp="2022-02-10T06:00:14Z" user="Belwal11" uid="14819380" lat="22.6560839" lon="88.3479416"/>
 <node id="664459424" visible="true" version="6" changeset="117228618" timestamp="2022-02-10T06:00:14Z" user="Belwal11" uid="14819380" lat="22.6557188" lon="88.3477807"/>
 <node id="664459425" visible="true" version="6" changeset="114178016" timestamp="2021-11-24T11:23:22Z" user="Saikat Maiti" uid="3030846" lat="22.6552641" lon="88.3476541"/>
 <node id="1299710009" visible="true" version="3" changeset="144999963" timestamp="2023-12-11T13:32:41Z" user="saswatasarkar13" uid="12313405" lat="22.6556247" lon="88.3489103">
  <tag k="amenity" v="post_office"/>
  <tag k="operator" v="India Post"/>
  <tag k="operator:wikidata" v="Q3519720"/>
  <tag k="source" v="Local Knowledge"/>
 </node>
 <node id="1299719433" visible="true" version="3" changeset="181830249" timestamp="2026-04-26T05:13:17Z" user="Ritam Saha" uid="20056617" lat="22.6562992" lon="88.3489341"/>
 <node id="1299719435" visible="true" version="3" changeset="181830249" timestamp="2026-04-26T05:13:17Z" user="Ritam Saha" uid="20056617" lat="22.6553389" lon="88.3485746"/>
 <node id="1299724212" visible="true" version="3" changeset="181830249" timestamp="2026-04-26T05:13:17Z" user="Ritam Saha" uid="20056617" lat="22.6563079" lon="88.3489542"/>
 <node id="1299730247" visible="true" version="2" changeset="32847838" timestamp="2015-07-24T12:07:04Z" user="shashi2" uid="2891142" lat="22.6566411" lon="88.3483990"/>
 <node id="1299730257" visible="true" version="2" changeset="32847838" timestamp="2015-07-24T12:07:04Z" user="shashi2" uid="2891142" lat="22.6565799" lon="88.3484942"/>
 <node id="1299730258" visible="true" version="2" changeset="32847838" timestamp="2015-07-24T12:07:04Z" user="shashi2" uid="2891142" lat="22.6566554" lon="88.3485513"/>
 <node id="1299730259" visible="true" version="2" changeset="32847838" timestamp="2015-07-24T12:07:04Z" user="shashi2" uid="2891142" lat="22.6567166" lon="88.3484560"/>
 <node id="1765885120" visible="true" version="8" changeset="117590611" timestamp="2022-02-19T04:31:51Z" user="Belwal11" uid="14819380" lat="22.7004923" lon="88.3587992"/>
 <node id="1765885214" visible="true" version="6" changeset="117207322" timestamp="2022-02-09T15:12:29Z" user="Belwal11" uid="14819380" lat="22.7212821" lon="88.3544473"/>
 <node id="1765885271" visible="true" version="7" changeset="140967153" timestamp="2023-09-08T04:57:12Z" user="mansoorkhankhan" uid="19574799" lat="22.7251493" lon="88.3527929"/>
 <node id="1765885417" visible="true" version="5" changeset="117207322" timestamp="2022-02-09T15:12:29Z" user="Belwal11" uid="14819380" lat="22.7416248" lon="88.3505099"/>
 <node id="2223928023" visible="true" version="5" changeset="118462086" timestamp="2022-03-14T09:31:35Z" user="VLD120" uid="9124224" lat="22.6882402" lon="88.3564831"/>
 <node id="2223928133" visible="true" version="6" changeset="118463151" timestamp="2022-03-14T10:03:05Z" user="VLD120" uid="9124224" lat="22.6920090" lon="88.3568606"/>
 <node id="2223928669" visible="true" version="4" changeset="117207322" timestamp="2022-02-09T15:12:29Z" user="Belwal11" uid="14819380" lat="22.7052530" lon="88.3580831"/>
 <node id="2223928746" visible="true" version="3" changeset="32351740" timestamp="2015-07-02T11:09:11Z" user="vraju" uid="2906661" lat="22.7060081" lon="88.3579777"/>
 <node id="2223928759" visible="true" version="4" changeset="117207322" timestamp="2022-02-09T15:12:29Z" user="Belwal11" uid="14819380" lat="22.7062044" lon="88.3579195"/>
 <node id="2223928796" visible="true" version="4" changeset="117207322" timestamp="2022-02-09T15:12:29Z" user="Belwal11" uid="14819380" lat="22.7068403" lon="88.3578229"/>
 <node id="2223928850" visible="true" version="4" changeset="117207322" timestamp="2022-02-09T15:12:29Z" user="Belwal11" uid="14819380" lat="22.7077793" lon="88.3572395"/>
 <node id="2223928900" visible="true" version="5" changeset="118455292" timestamp="2022-03-14T06:17:15Z" user="VLD120" uid="9124224" lat="22.7084535" lon="88.3568117"/>
 <node id="2223928947" visible="true" version="4" changeset="117207322" timestamp="2022-02-09T15:12:29Z" user="Belwal11" uid="14819380" lat="22.7087752" lon="88.3567648"/>
 <node id="2223929012" visible="true" version="4" changeset="117207322" timestamp="2022-02-09T15:12:29Z" user="Belwal11" uid="14819380" lat="22.7101830" lon="88.3565757"/>
 <node id="2223929035" visible="true" version="4" changeset="117207322" timestamp="2022-02-09T15:12:29Z" user="Belwal11" uid="14819380" lat="22.7108981" lon="88.3567125"/>
 <node id="2223929094" visible="true" version="4" changeset="117207322" timestamp="2022-02-09T15:12:29Z" user="Belwal11" uid="14819380" lat="22.7125583" lon="88.3557697"/>
 <node id="2223929113" visible="true" version="4" changeset="117207322" timestamp="2022-02-09T15:12:29Z" user="Belwal11" uid="14819380" lat="22.7127884" lon="88.3555149"/>
 <node id="2223929126" visible="true" version="4" changeset="117207322" timestamp="2022-02-09T15:12:29Z" user="Belwal11" uid="14819380" lat="22.7129381" lon="88.3554545"/>
 <node id="2223929142" visible="true" version="4" changeset="117207322" timestamp="2022-02-09T15:12:29Z" user="Belwal11" uid="14819380" lat="22.7130185" lon="88.3554478"/>
 <node id="2223929528" visible="true" version="4" changeset="117207322" timestamp="2022-02-09T15:12:29Z" user="Belwal11" uid="14819380" lat="22.7204545" lon="88.3543561"/>
 <node id="2223929692" visible="true" version="6" changeset="117207322" timestamp="2022-02-09T15:12:29Z" user="Belwal11" uid="14819380" lat="22.7252510" lon="88.3527919"/>
 <node id="2223929731" visible="true" version="4" changeset="117207322" timestamp="2022-02-09T15:12:29Z" user="Belwal11" uid="14819380" lat="22.7301142" lon="88.3532631"/>
 <node id="2223929749" visible="true" version="4" changeset="117207322" timestamp="2022-02-09T15:12:29Z" user="Belwal11" uid="14819380" lat="22.7308081" lon="88.3534455"/>
 <node id="2223929919" visible="true" version="4" changeset="117207322" timestamp="2022-02-09T15:12:29Z" user="Belwal11" uid="14819380" lat="22.7335343" lon="88.3523431"/>
 <node id="2223930137" visible="true" version="5" changeset="146442507" timestamp="2024-01-19T12:42:39Z" user="olarumankhan" uid="19619725" lat="22.7352510" lon="88.3517010"/>
 <node id="2223930273" visible="true" version="4" changeset="117207322" timestamp="2022-02-09T15:12:29Z" user="Belwal11" uid="14819380" lat="22.7360984" lon="88.3514017"/>
 <node id="2223930404" visible="true" version="4" changeset="117207322" timestamp="2022-02-09T15:12:29Z" user="Belwal11" uid="14819380" lat="22.7370748" lon="88.3511453"/>
 <node id="2223930529" visible="true" version="4" changeset="117207322" timestamp="2022-02-09T15:12:29Z" user="Belwal11" uid="14819380" lat="22.7383805" lon="88.3508773"/>
 <node id="2223930631" visible="true" version="4" changeset="117207322" timestamp="2022-02-09T15:12:29Z" user="Belwal11" uid="14819380" lat="22.7395073" lon="88.3507861"/>
 <node id="2223930641" visible="true" version="4" changeset="117207322" timestamp="2022-02-09T15:12:29Z" user="Belwal11" uid="14819380" lat="22.7397262" lon="88.3507660"/>
 <node id="2223930788" visible="true" version="4" changeset="117207322" timestamp="2022-02-09T15:12:29Z" user="Belwal11" uid="14819380" lat="22.7403805" lon="88.3506909"/>
 <node id="2223930831" visible="true" version="4" changeset="117207322" timestamp="2022-02-09T15:12:29Z" user="Belwal11" uid="14819380" lat="22.7409049" lon="88.3506319"/>
 <node id="2223930893" visible="true" version="4" changeset="117207322" timestamp="2022-02-09T15:12:29Z" user="Belwal11" uid="14819380" lat="22.7413366" lon="88.3505662"/>
 <node id="2223930995" visible="true" version="5" changeset="117207322" timestamp="2022-02-09T15:12:29Z" user="Belwal11" uid="14819380" lat="22.7435418" lon="88.3500458"/>
 <node id="2223931049" visible="true" version="6" changeset="117207322" timestamp="2022-02-09T15:12:29Z" user="Belwal11" uid="14819380" lat="22.7441194" lon="88.3498809"/>
 <node id="2223931196" visible="true" version="4" changeset="117204702" timestamp="2022-02-09T14:16:50Z" user="Belwal11" uid="14819380" lat="22.7464292" lon="88.3491668"/>
 <node id="2223931322" visible="true" version="4" changeset="117204702" timestamp="2022-02-09T14:16:50Z" user="Belwal11" uid="14819380" lat="22.7484495" lon="88.3483775"/>
 <node id="2224698426" visible="true" version="6" changeset="118319374" timestamp="2022-03-10T11:18:43Z" user="VLD120" uid="9124224" lat="22.7190184" lon="88.3546404"/>
 <node id="2224698954" visible="true" version="4" changeset="117207322" timestamp="2022-02-09T15:12:29Z" user="Belwal11" uid="14819380" lat="22.7275005" lon="88.3529225"/>
 <node id="2224699388" visible="true" version="4" changeset="117204702" timestamp="2022-02-09T14:16:50Z" user="Belwal11" uid="14819380" lat="22.7467353" lon="88.3490252"/>
 <node id="2227860599" visible="true" version="6" changeset="118346991" timestamp="2022-03-11T04:44:20Z" user="VLD120" uid="9124224" lat="22.7066423" lon="88.3578538"/>
 <node id="2227861366" visible="true" version="5" changeset="118348007" timestamp="2022-03-11T05:41:28Z" user="VLD120" uid="9124224" lat="22.7104348" lon="88.3566085"/>
 <node id="2227861657" visible="true" version="4" changeset="117207322" timestamp="2022-02-09T15:12:29Z" user="Belwal11" uid="14819380" lat="22.7119924" lon="88.3564215"/>
 <node id="2227861918" visible="true" version="4" changeset="117207322" timestamp="2022-02-09T15:12:29Z" user="Belwal11" uid="14819380" lat="22.7133525" lon="88.3554518"/>
 <node id="2227862527" visible="true" version="4" changeset="117207322" timestamp="2022-02-09T15:12:29Z" user="Belwal11" uid="14819380" lat="22.7169203" lon="88.3550079"/>
 <node id="2227862907" visible="true" version="4" changeset="117207322" timestamp="2022-02-09T15:12:29Z" user="Belwal11" uid="14819380" lat="22.7199140" lon="88.3544701"/>
 <node id="2227863316" visible="true" version="5" changeset="118316716" timestamp="2022-03-10T10:27:27Z" user="VLD120" uid="9124224" lat="22.7224233" lon="88.3543615"/>
 <node id="2227863488" visible="true" version="5" changeset="118316101" timestamp="2022-03-10T10:18:11Z" user="VLD120" uid="9124224" lat="22.7239226" lon="88.3533926"/>
 <node id="2227863578" visible="true" version="4" changeset="117207322" timestamp="2022-02-09T15:12:29Z" user="Belwal11" uid="14819380" lat="22.7254756" lon="88.3528005"/>
 <node id="2227863620" visible="true" version="4" changeset="117207322" timestamp="2022-02-09T15:12:29Z" user="Belwal11" uid="14819380" lat="22.7259407" lon="88.3528407"/>
 <node id="2227863704" visible="true" version="4" changeset="117207322" timestamp="2022-02-09T15:12:29Z" user="Belwal11" uid="14819380" lat="22.7268857" lon="88.3528917"/>
 <node id="2227863736" visible="true" version="5" changeset="140967510" timestamp="2023-09-08T05:12:56Z" user="mansoorkhankhan" uid="19574799" lat="22.7280506" lon="88.3529517"/>
 <node id="2227863787" visible="true" version="4" changeset="117207322" timestamp="2022-02-09T15:12:29Z" user="Belwal11" uid="14819380" lat="22.7287016" lon="88.3529802"/>
 <node id="2227863821" visible="true" version="4" changeset="117207322" timestamp="2022-02-09T15:12:29Z" user="Belwal11" uid="14819380" lat="22.7290146" lon="88.3530056"/>
 <node id="2227864116" visible="true" version="4" changeset="117207322" timestamp="2022-02-09T15:12:29Z" user="Belwal11" uid="14819380" lat="22.7333055" lon="88.3524035"/>
 <node id="2227864258" visible="true" version="4" changeset="117207322" timestamp="2022-02-09T15:12:29Z" user="Belwal11" uid="14819380" lat="22.7363211" lon="88.3513400"/>
 <node id="2227864314" visible="true" version="4" changeset="117207322" timestamp="2022-02-09T15:12:29Z" user="Belwal11" uid="14819380" lat="22.7377979" lon="88.3509739"/>
 <node id="2227864666" visible="true" version="5" changeset="117204702" timestamp="2022-02-09T14:16:50Z" user="Belwal11" uid="14819380" lat="22.7499299" lon="88.3454499"/>
 <node id="2228094071" visible="true" version="4" changeset="118505633" timestamp="2022-03-15T10:41:28Z" user="VLD120" uid="9124224" lat="22.6928810" lon="88.3569398"/>
 <node id="2228094084" visible="true" version="5" changeset="117228618" timestamp="2022-02-10T06:00:14Z" user="Belwal11" uid="14819380" lat="22.6930935" lon="88.3569901"/>
 <node id="2228094292" visible="true" version="7" changeset="118464927" timestamp="2022-03-14T10:53:21Z" user="VLD120" uid="9124224" lat="22.6951449" lon="88.3583472"/>
 <node id="2228094435" visible="true" version="6" changeset="118492810" timestamp="2022-03-15T03:36:05Z" user="VLD120" uid="9124224" lat="22.6966074" lon="88.3585484"/>
 <node id="2228094882" visible="true" version="5" changeset="117212272" timestamp="2022-02-09T17:25:57Z" user="Belwal11" uid="14819380" lat="22.6993540" lon="88.3593652"/>
 <node id="2228095348" visible="true" version="5" changeset="117207322" timestamp="2022-02-09T15:12:29Z" user="Belwal11" uid="14819380" lat="22.7024669" lon="88.3586879"/>
 <node id="2228095463" visible="true" version="6" changeset="117207322" timestamp="2022-02-09T15:12:29Z" user="Belwal11" uid="14819380" lat="22.7029741" lon="88.3586088"/>
 <node id="2228168196" visible="true" version="4" changeset="117228618" timestamp="2022-02-10T06:00:14Z" user="Belwal11" uid="14819380" lat="22.6889498" lon="88.3565944"/>
 <node id="2228168451" visible="true" version="4" changeset="117228618" timestamp="2022-02-10T06:00:14Z" user="Belwal11" uid="14819380" lat="22.6900287" lon="88.3567822"/>
 <node id="2228168765" visible="true" version="6" changeset="117228618" timestamp="2022-02-10T06:00:14Z" user="Belwal11" uid="14819380" lat="22.6912747" lon="88.3568586"/>
 <node id="2228250528" visible="true" version="4" changeset="117228618" timestamp="2022-02-10T06:00:14Z" user="Belwal11" uid="14819380" lat="22.6887766" lon="88.3565475"/>
 <node id="2228250555" visible="true" version="4" changeset="117228618" timestamp="2022-02-10T06:00:14Z" user="Belwal11" uid="14819380" lat="22.6897528" lon="88.3567272"/>
 <node id="2228250599" visible="true" version="6" changeset="118495601" timestamp="2022-03-15T06:03:14Z" user="VLD120" uid="9124224" lat="22.6919750" lon="88.3568607"/>
 <node id="2228250625" visible="true" version="5" changeset="117228618" timestamp="2022-02-10T06:00:14Z" user="Belwal11" uid="14819380" lat="22.6930453" lon="88.3569700"/>
 <node id="2228250644" visible="true" version="5" changeset="117212272" timestamp="2022-02-09T17:25:57Z" user="Belwal11" uid="14819380" lat="22.6949779" lon="88.3583178"/>
 <node id="2228250653" visible="true" version="5" changeset="117212272" timestamp="2022-02-09T17:25:57Z" user="Belwal11" uid="14819380" lat="22.6955631" lon="88.3584103"/>
 <node id="2228250663" visible="true" version="4" changeset="117207322" timestamp="2022-02-09T15:12:29Z" user="Belwal11" uid="14819380" lat="22.7185742" lon="88.3546753"/>
 <node id="2228250701" visible="true" version="4" changeset="117207322" timestamp="2022-02-09T15:12:29Z" user="Belwal11" uid="14819380" lat="22.7253160" lon="88.3527938"/>
 <node id="2228250753" visible="true" version="4" changeset="117207322" timestamp="2022-02-09T15:12:29Z" user="Belwal11" uid="14819380" lat="22.7293461" lon="88.3530358"/>
 <node id="2228250761" visible="true" version="4" changeset="117207322" timestamp="2022-02-09T15:12:29Z" user="Belwal11" uid="14819380" lat="22.7295025" lon="88.3530593"/>
 <node id="2228250857" visible="true" version="4" changeset="117207322" timestamp="2022-02-09T15:12:29Z" user="Belwal11" uid="14819380" lat="22.7330123" lon="88.3525322"/>
 <node id="2228251178" visible="true" version="4" changeset="117207322" timestamp="2022-02-09T15:12:29Z" user="Belwal11" uid="14819380" lat="22.7421418" lon="88.3504093"/>
 <node id="2228251324" visible="true" version="5" changeset="117207322" timestamp="2022-02-09T15:12:29Z" user="Belwal11" uid="14819380" lat="22.7446513" lon="88.3497333"/>
 <node id="2228251387" visible="true" version="5" changeset="118534096" timestamp="2022-03-16T04:33:58Z" user="VLD106" uid="9124217" lat="22.7473252" lon="88.3488002"/>
 <node id="2230055570" visible="true" version="5" changeset="117212272" timestamp="2022-02-09T17:25:57Z" user="Belwal11" uid="14819380" lat="22.6975836" lon="88.3587764"/>
 <node id="2246732321" visible="true" version="1" changeset="15596072" timestamp="2013-04-03T15:23:41Z" user="sakthivel" uid="1295854" lat="22.6556364" lon="88.3473100"/>
 <node id="2246732327" visible="true" version="2" changeset="32906698" timestamp="2015-07-27T10:44:39Z" user="maheshrkm" uid="2897465" lat="22.6557560" lon="88.3473200"/>
 <node id="2246732331" visible="true" version="2" changeset="32906698" timestamp="2015-07-27T10:44:39Z" user="maheshrkm" uid="2897465" lat="22.6560151" lon="88.3473570"/>
 <node id="2246732333" visible="true" version="2" changeset="32906698" timestamp="2015-07-27T10:44:39Z" user="maheshrkm" uid="2897465" lat="22.6560948" lon="88.3473543"/>
 <node id="2246732335" visible="true" version="1" changeset="15596072" timestamp="2013-04-03T15:23:41Z" user="sakthivel" uid="1295854" lat="22.6561440" lon="88.3472720"/>
 <node id="2246732337" visible="true" version="2" changeset="32906698" timestamp="2015-07-27T10:44:39Z" user="maheshrkm" uid="2897465" lat="22.6561654" lon="88.3471685"/>
 <node id="2246732339" visible="true" version="1" changeset="15596072" timestamp="2013-04-03T15:23:41Z" user="sakthivel" uid="1295854" lat="22.6561825" lon="88.3474769"/>
 <node id="2246732341" visible="true" version="1" changeset="15596072" timestamp="2013-04-03T15:23:41Z" user="sakthivel" uid="1295854" lat="22.6562140" lon="88.3469344"/>
 <node id="2246732343" visible="true" version="1" changeset="15596072" timestamp="2013-04-03T15:23:41Z" user="sakthivel" uid="1295854" lat="22.6562560" lon="88.3468813"/>
 <node id="2246732345" visible="true" version="5" changeset="117228618" timestamp="2022-02-10T06:00:14Z" user="Belwal11" uid="14819380" lat="22.6563203" lon="88.3480664"/>
 <node id="2246732347" visible="true" version="3" changeset="118766836" timestamp="2022-03-22T08:06:42Z" user="Belwal11" uid="14819380" lat="22.6563919" lon="88.3478041"/>
 <node id="2246732349" visible="true" version="2" changeset="32906698" timestamp="2015-07-27T10:44:39Z" user="maheshrkm" uid="2897465" lat="22.6564552" lon="88.3475851"/>
 <node id="2246732351" visible="true" version="4" changeset="118451371" timestamp="2022-03-14T02:45:11Z" user="VLD256" uid="10979439" lat="22.6564749" lon="88.3491727"/>
 <node id="2246732353" visible="true" version="2" changeset="32906698" timestamp="2015-07-27T10:44:39Z" user="maheshrkm" uid="2897465" lat="22.6564660" lon="88.3468857"/>
 <node id="2246732356" visible="true" version="3" changeset="118766836" timestamp="2022-03-22T08:06:42Z" user="Belwal11" uid="14819380" lat="22.6564959" lon="88.3474861"/>
 <node id="2246732360" visible="true" version="3" changeset="118766836" timestamp="2022-03-22T08:06:42Z" user="Belwal11" uid="14819380" lat="22.6566760" lon="88.3469234"/>
 <node id="2246732363" visible="true" version="4" changeset="166598914" timestamp="2025-05-22T07:48:22Z" user="Swihail" uid="15458726" lat="22.6567975" lon="88.3465263"/>
 <node id="2246732366" visible="true" version="2" changeset="32848909" timestamp="2015-07-24T13:03:47Z" user="shashi2" uid="2891142" lat="22.6567517" lon="88.3484192"/>
 <node id="2246732368" visible="true" version="2" changeset="32906698" timestamp="2015-07-27T10:44:39Z" user="maheshrkm" uid="2897465" lat="22.6568182" lon="88.3463779"/>
 <node id="2246732371" visible="true" version="1" changeset="15596072" timestamp="2013-04-03T15:23:42Z" user="sakthivel" uid="1295854" lat="22.6568482" lon="88.3493411"/>
 <node id="2246732374" visible="true" version="5" changeset="118766836" timestamp="2022-03-22T08:06:42Z" user="Belwal11" uid="14819380" lat="22.6567955" lon="88.3483386"/>
 <node id="2246732376" visible="true" version="2" changeset="32906698" timestamp="2015-07-27T10:44:39Z" user="maheshrkm" uid="2897465" lat="22.6569267" lon="88.3457141"/>
 <node id="2246732379" visible="true" version="2" changeset="32906698" timestamp="2015-07-27T10:44:39Z" user="maheshrkm" uid="2897465" lat="22.6569512" lon="88.3456003"/>
 <node id="2246732381" visible="true" version="2" changeset="32906698" timestamp="2015-07-27T10:44:39Z" user="maheshrkm" uid="2897465" lat="22.6569862" lon="88.3455624"/>
 <node id="2246732384" visible="true" version="2" changeset="32906698" timestamp="2015-07-27T10:44:39Z" user="maheshrkm" uid="2897465" lat="22.6571052" lon="88.3455927"/>
 <node id="2246732387" visible="true" version="2" changeset="32906698" timestamp="2015-07-27T10:44:39Z" user="maheshrkm" uid="2897465" lat="22.6571857" lon="88.3455927"/>
 <node id="2246732390" visible="true" version="2" changeset="32906698" timestamp="2015-07-27T10:44:39Z" user="maheshrkm" uid="2897465" lat="22.6572383" lon="88.3452589"/>
 <node id="2246732393" visible="true" version="2" changeset="32906698" timestamp="2015-07-27T10:44:39Z" user="maheshrkm" uid="2897465" lat="22.6572488" lon="88.3455510"/>
 <node id="2246732395" visible="true" version="2" changeset="32906698" timestamp="2015-07-27T10:44:39Z" user="maheshrkm" uid="2897465" lat="22.6572698" lon="88.3453196"/>
 <node id="2246732398" visible="true" version="2" changeset="32906698" timestamp="2015-07-27T10:44:39Z" user="maheshrkm" uid="2897465" lat="22.6572768" lon="88.3451299"/>
 <node id="2246732401" visible="true" version="2" changeset="32906698" timestamp="2015-07-27T10:44:39Z" user="maheshrkm" uid="2897465" lat="22.6572943" lon="88.3454675"/>
 <node id="2246732404" visible="true" version="2" changeset="32847838" timestamp="2015-07-24T12:07:14Z" user="shashi2" uid="2891142" lat="22.6572989" lon="88.3495087"/>
 <node id="2246732407" visible="true" version="2" changeset="32906698" timestamp="2015-07-27T10:44:39Z" user="maheshrkm" uid="2897465" lat="22.6573293" lon="88.3449251"/>
 <node id="2246732409" visible="true" version="2" changeset="32906698" timestamp="2015-07-27T10:44:39Z" user="maheshrkm" uid="2897465" lat="22.6573503" lon="88.3453727"/>
 <node id="2246732411" visible="true" version="3" changeset="135684105" timestamp="2023-05-04T05:36:35Z" user="nileshdhandak" uid="16638013" lat="22.6573778" lon="88.3447263"/>
 <node id="2246732422" visible="true" version="2" changeset="32847838" timestamp="2015-07-24T12:07:14Z" user="shashi2" uid="2891142" lat="22.6577119" lon="88.3495893"/>
 <node id="2246732433" visible="true" version="3" changeset="118451371" timestamp="2022-03-14T02:45:11Z" user="VLD256" uid="10979439" lat="22.6579568" lon="88.3495924"/>
 <node id="2246732442" visible="true" version="5" changeset="117228618" timestamp="2022-02-10T06:00:14Z" user="Belwal11" uid="14819380" lat="22.6580183" lon="88.3488576"/>
 <node id="2246732463" visible="true" version="1" changeset="15596072" timestamp="2013-04-03T15:23:42Z" user="sakthivel" uid="1295854" lat="22.6582799" lon="88.3495080"/>
 <node id="2246732468" visible="true" version="3" changeset="118451371" timestamp="2022-03-14T02:45:11Z" user="VLD256" uid="10979439" lat="22.6584741" lon="88.3494894"/>
 <node id="2246732480" visible="true" version="5" changeset="117228618" timestamp="2022-02-10T06:00:14Z" user="Belwal11" uid="14819380" lat="22.6586111" lon="88.3490440"/>
 <node id="2246732491" visible="true" version="4" changeset="118451371" timestamp="2022-03-14T02:45:11Z" user="VLD256" uid="10979439" lat="22.6589142" lon="88.3496948"/>
 <node id="2246732505" visible="true" version="2" changeset="32847838" timestamp="2015-07-24T12:07:15Z" user="shashi2" uid="2891142" lat="22.6590178" lon="88.3497353"/>
 <node id="2246732518" visible="true" version="2" changeset="32906698" timestamp="2015-07-27T10:44:39Z" user="maheshrkm" uid="2897465" lat="22.6591910" lon="88.3497277"/>
 <node id="2246732547" visible="true" version="2" changeset="32847838" timestamp="2015-07-24T12:07:15Z" user="shashi2" uid="2891142" lat="22.6593764" lon="88.3496881"/>
 <node id="2246732573" visible="true" version="1" changeset="15596072" timestamp="2013-04-03T15:23:43Z" user="sakthivel" uid="1295854" lat="22.6596065" lon="88.3496066"/>
 <node id="2246732579" visible="true" version="4" changeset="117228618" timestamp="2022-02-10T06:00:14Z" user="Belwal11" uid="14819380" lat="22.6597831" lon="88.3494423"/>
 <node id="2246732589" visible="true" version="5" changeset="117228618" timestamp="2022-02-10T06:00:14Z" user="Belwal11" uid="14819380" lat="22.6607806" lon="88.3496448"/>
 <node id="2246732630" visible="true" version="7" changeset="117228618" timestamp="2022-02-10T06:00:14Z" user="Belwal11" uid="14819380" lat="22.6624686" lon="88.3494008"/>
 <node id="2246732644" visible="true" version="5" changeset="117228618" timestamp="2022-02-10T06:00:14Z" user="Belwal11" uid="14819380" lat="22.6628640" lon="88.3494048"/>
 <node id="2246732684" visible="true" version="5" changeset="118305536" timestamp="2022-03-10T06:46:02Z" user="VLD106" uid="9124217" lat="22.6638673" lon="88.3501370"/>
 <node id="2246732768" visible="true" version="4" changeset="117228618" timestamp="2022-02-10T06:00:14Z" user="Belwal11" uid="14819380" lat="22.6659201" lon="88.3508626"/>
 <node id="2246733180" visible="true" version="4" changeset="117228618" timestamp="2022-02-10T06:00:14Z" user="Belwal11" uid="14819380" lat="22.6705917" lon="88.3508532"/>
 <node id="2246733313" visible="true" version="4" changeset="117228618" timestamp="2022-02-10T06:00:14Z" user="Belwal11" uid="14819380" lat="22.6714146" lon="88.3507647"/>
 <node id="2246733481" visible="true" version="4" changeset="117228618" timestamp="2022-02-10T06:00:14Z" user="Belwal11" uid="14819380" lat="22.6725407" lon="88.3510087"/>
 <node id="2246733560" visible="true" version="5" changeset="118306628" timestamp="2022-03-10T07:19:19Z" user="VLD106" uid="9124217" lat="22.6727754" lon="88.3510785"/>
 <node id="2246733843" visible="true" version="5" changeset="117228618" timestamp="2022-02-10T06:00:14Z" user="Belwal11" uid="14819380" lat="22.6738821" lon="88.3514379"/>
 <node id="2246734412" visible="true" version="4" changeset="117228618" timestamp="2022-02-10T06:00:14Z" user="Belwal11" uid="14819380" lat="22.6778914" lon="88.3527991"/>
 <node id="2246734690" visible="true" version="4" changeset="117228618" timestamp="2022-02-10T06:00:14Z" user="Belwal11" uid="14819380" lat="22.6802252" lon="88.3532725"/>
 <node id="2246734709" visible="true" version="4" changeset="117228618" timestamp="2022-02-10T06:00:14Z" user="Belwal11" uid="14819380" lat="22.6803038" lon="88.3532940"/>
 <node id="2246735008" visible="true" version="4" changeset="117228618" timestamp="2022-02-10T06:00:14Z" user="Belwal11" uid="14819380" lat="22.6822706" lon="88.3539632"/>
 <node id="2246735283" visible="true" version="4" changeset="117228618" timestamp="2022-02-10T06:00:14Z" user="Belwal11" uid="14819380" lat="22.6846649" lon="88.3549207"/>
 <node id="2246867809" visible="true" version="4" changeset="117228618" timestamp="2022-02-10T06:00:14Z" user="Belwal11" uid="14819380" lat="22.6751072" lon="88.3519140"/>
 <node id="2247859003" visible="true" version="5" changeset="117228618" timestamp="2022-02-10T06:00:14Z" user="Belwal11" uid="14819380" lat="22.6606395" lon="88.3496220"/>
 <node id="2247859276" visible="true" version="4" changeset="117228618" timestamp="2022-02-10T06:00:14Z" user="Belwal11" uid="14819380" lat="22.6682429" lon="88.3511241"/>
 <node id="2247859333" visible="true" version="4" changeset="117228618" timestamp="2022-02-10T06:00:14Z" user="Belwal11" uid="14819380" lat="22.6700682" lon="88.3510852"/>
 <node id="2247859464" visible="true" version="4" changeset="117228618" timestamp="2022-02-10T06:00:14Z" user="Belwal11" uid="14819380" lat="22.6761751" lon="88.3523566"/>
 <node id="2247859557" visible="true" version="6" changeset="118307151" timestamp="2022-03-10T07:30:58Z" user="VLD106" uid="9124217" lat="22.6788964" lon="88.3529155"/>
 <node id="3629024657" visible="true" version="1" changeset="32329889" timestamp="2015-07-01T11:49:30Z" user="Naresh08" uid="2897134" lat="22.6559390" lon="88.3481330"/>
 <node id="3629024658" visible="true" version="1" changeset="32329889" timestamp="2015-07-01T11:49:30Z" user="Naresh08" uid="2897134" lat="22.6559762" lon="88.3480597"/>
 <node id="3629024659" visible="true" version="2" changeset="155635336" timestamp="2024-08-23T06:22:02Z" user="subhankara" uid="19574788" lat="22.6560652" lon="88.3488665"/>
 <node id="3629024660" visible="true" version="1" changeset="32329889" timestamp="2015-07-01T11:49:30Z" user="Naresh08" uid="2897134" lat="22.6560696" lon="88.3482436"/>
 <node id="3629024661" visible="true" version="1" changeset="32329889" timestamp="2015-07-01T11:49:30Z" user="Naresh08" uid="2897134" lat="22.6560717" lon="88.3482120"/>
 <node id="3629024662" visible="true" version="2" changeset="155635336" timestamp="2024-08-23T06:22:02Z" user="subhankara" uid="19574788" lat="22.6560974" lon="88.3487115"/>
 <node id="3629024664" visible="true" version="1" changeset="32329889" timestamp="2015-07-01T11:49:30Z" user="Naresh08" uid="2897134" lat="22.6561088" lon="88.3481388"/>
 <node id="3629024666" visible="true" version="1" changeset="32329889" timestamp="2015-07-01T11:49:30Z" user="Naresh08" uid="2897134" lat="22.6561643" lon="88.3481482"/>
 <node id="3629024667" visible="true" version="1" changeset="32329889" timestamp="2015-07-01T11:49:30Z" user="Naresh08" uid="2897134" lat="22.6561657" lon="88.3483440"/>
 <node id="3629024668" visible="true" version="2" changeset="155635336" timestamp="2024-08-23T06:22:02Z" user="subhankara" uid="19574788" lat="22.6561932" lon="88.3488978"/>
 <node id="3629024669" visible="true" version="2" changeset="155635336" timestamp="2024-08-23T06:22:02Z" user="subhankara" uid="19574788" lat="22.6562255" lon="88.3487428"/>
 <node id="3629024670" visible="true" version="1" changeset="32329889" timestamp="2015-07-01T11:49:30Z" user="Naresh08" uid="2897134" lat="22.6562291" lon="88.3481829"/>
 <node id="3629024675" visible="true" version="1" changeset="32329889" timestamp="2015-07-01T11:49:30Z" user="Naresh08" uid="2897134" lat="22.6564595" lon="88.3491086"/>
 <node id="3629024676" visible="true" version="1" changeset="32329889" timestamp="2015-07-01T11:49:30Z" user="Naresh08" uid="2897134" lat="22.6564619" lon="88.3477155"/>
 <node id="3629024677" visible="true" version="1" changeset="32329889" timestamp="2015-07-01T11:49:30Z" user="Naresh08" uid="2897134" lat="22.6564950" lon="88.3476109"/>
 <node id="3629024678" visible="true" version="1" changeset="32329889" timestamp="2015-07-01T11:49:30Z" user="Naresh08" uid="2897134" lat="22.6565116" lon="88.3489433"/>
 <node id="3629024679" visible="true" version="1" changeset="32329889" timestamp="2015-07-01T11:49:30Z" user="Naresh08" uid="2897134" lat="22.6565528" lon="88.3489090"/>
 <node id="3629024680" visible="true" version="1" changeset="32329889" timestamp="2015-07-01T11:49:30Z" user="Naresh08" uid="2897134" lat="22.6565682" lon="88.3488439"/>
 <node id="3629024681" visible="true" version="1" changeset="32329889" timestamp="2015-07-01T11:49:30Z" user="Naresh08" uid="2897134" lat="22.6565872" lon="88.3491775"/>
 <node id="3629024682" visible="true" version="1" changeset="32329889" timestamp="2015-07-01T11:49:30Z" user="Naresh08" uid="2897134" lat="22.6565917" lon="88.3477637"/>
 <node id="3629024683" visible="true" version="1" changeset="32329889" timestamp="2015-07-01T11:49:30Z" user="Naresh08" uid="2897134" lat="22.6566213" lon="88.3491960"/>
 <node id="3629024684" visible="true" version="1" changeset="32329889" timestamp="2015-07-01T11:49:30Z" user="Naresh08" uid="2897134" lat="22.6566248" lon="88.3476592"/>
 <node id="3629024685" visible="true" version="1" changeset="32329889" timestamp="2015-07-01T11:49:30Z" user="Naresh08" uid="2897134" lat="22.6566326" lon="88.3489753"/>
 <node id="3629024686" visible="true" version="1" changeset="32329889" timestamp="2015-07-01T11:49:30Z" user="Naresh08" uid="2897134" lat="22.6566403" lon="88.3476613"/>
 <node id="3629024687" visible="true" version="1" changeset="32329889" timestamp="2015-07-01T11:49:30Z" user="Naresh08" uid="2897134" lat="22.6566427" lon="88.3475321"/>
 <node id="3629024688" visible="true" version="1" changeset="32329889" timestamp="2015-07-01T11:49:30Z" user="Naresh08" uid="2897134" lat="22.6566697" lon="88.3475709"/>
 <node id="3629024689" visible="true" version="1" changeset="32329889" timestamp="2015-07-01T11:49:30Z" user="Naresh08" uid="2897134" lat="22.6566715" lon="88.3489856"/>
 <node id="3629024690" visible="true" version="1" changeset="32329889" timestamp="2015-07-01T11:49:30Z" user="Naresh08" uid="2897134" lat="22.6566749" lon="88.3474397"/>
 <node id="3629024691" visible="true" version="2" changeset="169496713" timestamp="2025-07-26T09:58:01Z" user="TejasSatkar" uid="22889547" lat="22.6566998" lon="88.3469165"/>
 <node id="3629024692" visible="true" version="1" changeset="32329889" timestamp="2015-07-01T11:49:30Z" user="Naresh08" uid="2897134" lat="22.6567025" lon="88.3475565"/>
 <node id="3629024693" visible="true" version="1" changeset="32329889" timestamp="2015-07-01T11:49:30Z" user="Naresh08" uid="2897134" lat="22.6567046" lon="88.3492193"/>
 <node id="3629024694" visible="true" version="1" changeset="32329889" timestamp="2015-07-01T11:49:30Z" user="Naresh08" uid="2897134" lat="22.6567219" lon="88.3475631"/>
 <node id="3629024695" visible="true" version="1" changeset="32329889" timestamp="2015-07-01T11:49:30Z" user="Naresh08" uid="2897134" lat="22.6567290" lon="88.3476951"/>
 <node id="3629024696" visible="true" version="2" changeset="169496713" timestamp="2025-07-26T09:58:01Z" user="TejasSatkar" uid="22889547" lat="22.6567298" lon="88.3468302"/>
 <node id="3629024697" visible="true" version="1" changeset="32329889" timestamp="2015-07-01T11:49:30Z" user="Naresh08" uid="2897134" lat="22.6567347" lon="88.3474642"/>
 <node id="3629024698" visible="true" version="1" changeset="32329889" timestamp="2015-07-01T11:49:30Z" user="Naresh08" uid="2897134" lat="22.6567376" lon="88.3489603"/>
 <node id="3629024699" visible="true" version="1" changeset="32329889" timestamp="2015-07-01T11:49:30Z" user="Naresh08" uid="2897134" lat="22.6567465" lon="88.3474779"/>
 <node id="3629024700" visible="true" version="1" changeset="32329889" timestamp="2015-07-01T11:49:30Z" user="Naresh08" uid="2897134" lat="22.6567529" lon="88.3488952"/>
 <node id="3629024701" visible="true" version="1" changeset="32329889" timestamp="2015-07-01T11:49:30Z" user="Naresh08" uid="2897134" lat="22.6567544" lon="88.3476983"/>
 <node id="3629024702" visible="true" version="1" changeset="32329889" timestamp="2015-07-01T11:49:30Z" user="Naresh08" uid="2897134" lat="22.6567548" lon="88.3490089"/>
 <node id="3629024703" visible="true" version="1" changeset="32329889" timestamp="2015-07-01T11:49:30Z" user="Naresh08" uid="2897134" lat="22.6567584" lon="88.3476048"/>
 <node id="3629024704" visible="true" version="1" changeset="32329889" timestamp="2015-07-01T11:49:30Z" user="Naresh08" uid="2897134" lat="22.6567706" lon="88.3467119"/>
 <node id="3629024705" visible="true" version="1" changeset="32329889" timestamp="2015-07-01T11:49:30Z" user="Naresh08" uid="2897134" lat="22.6567763" lon="88.3476171"/>
 <node id="3629024706" visible="true" version="2" changeset="169496713" timestamp="2025-07-26T09:58:01Z" user="TejasSatkar" uid="22889547" lat="22.6567835" lon="88.3469506"/>
 <node id="3629024707" visible="true" version="1" changeset="32329889" timestamp="2015-07-01T11:49:30Z" user="Naresh08" uid="2897134" lat="22.6567861" lon="88.3487413"/>
 <node id="3629024708" visible="true" version="1" changeset="32329889" timestamp="2015-07-01T11:49:30Z" user="Naresh08" uid="2897134" lat="22.6567939" lon="88.3473620"/>
 <node id="3629024709" visible="true" version="1" changeset="32329889" timestamp="2015-07-01T11:49:30Z" user="Naresh08" uid="2897134" lat="22.6567948" lon="88.3466423"/>
 <node id="3629024710" visible="true" version="1" changeset="32329889" timestamp="2015-07-01T11:49:30Z" user="Naresh08" uid="2897134" lat="22.6567962" lon="88.3475884"/>
 <node id="3629024711" visible="true" version="2" changeset="166598914" timestamp="2025-05-22T07:48:22Z" user="Swihail" uid="15458726" lat="22.6568254" lon="88.3466268"/>
 <node id="3629024712" visible="true" version="1" changeset="32329889" timestamp="2015-07-01T11:49:30Z" user="Naresh08" uid="2897134" lat="22.6568133" lon="88.3472979"/>
 <node id="3629024713" visible="true" version="2" changeset="169496713" timestamp="2025-07-26T09:58:01Z" user="TejasSatkar" uid="22889547" lat="22.6568135" lon="88.3468643"/>
 <node id="3629024714" visible="true" version="1" changeset="32329889" timestamp="2015-07-01T11:49:30Z" user="Naresh08" uid="2897134" lat="22.6568141" lon="88.3475962"/>
 <node id="3629024715" visible="true" version="1" changeset="32329889" timestamp="2015-07-01T11:49:30Z" user="Naresh08" uid="2897134" lat="22.6568209" lon="88.3475032"/>
 <node id="3629024716" visible="true" version="5" changeset="169496854" timestamp="2025-07-26T10:01:20Z" user="TejasSatkar" uid="22889547" lat="22.6568563" lon="88.3465273"/>
 <node id="3629024717" visible="true" version="2" changeset="169496713" timestamp="2025-07-26T09:58:01Z" user="TejasSatkar" uid="22889547" lat="22.6568263" lon="88.3469587"/>
 <node id="3629024718" visible="true" version="2" changeset="166598914" timestamp="2025-05-22T07:48:22Z" user="Swihail" uid="15458726" lat="22.6568468" lon="88.3465623"/>
 <node id="3629024719" visible="true" version="2" changeset="169496713" timestamp="2025-07-26T09:58:01Z" user="TejasSatkar" uid="22889547" lat="22.6568316" lon="88.3471307"/>
 <node id="3629024720" visible="true" version="1" changeset="32329889" timestamp="2015-07-01T11:49:30Z" user="Naresh08" uid="2897134" lat="22.6568321" lon="88.3475151"/>
 <node id="3629024721" visible="true" version="2" changeset="169402801" timestamp="2025-07-24T14:32:42Z" user="DhammaD" uid="10114313" lat="22.6568695" lon="88.3480960"/>
 <node id="3629024722" visible="true" version="1" changeset="32329889" timestamp="2015-07-01T11:49:30Z" user="Naresh08" uid="2897134" lat="22.6568391" lon="88.3485422"/>
 <node id="3629024723" visible="true" version="5" changeset="169496854" timestamp="2025-07-26T10:01:20Z" user="TejasSatkar" uid="22889547" lat="22.6568807" lon="88.3464005"/>
 <node id="3629024724" visible="true" version="1" changeset="32329889" timestamp="2015-07-01T11:49:30Z" user="Naresh08" uid="2897134" lat="22.6568482" lon="88.3477280"/>
 <node id="3629024725" visible="true" version="2" changeset="169496713" timestamp="2025-07-26T09:58:01Z" user="TejasSatkar" uid="22889547" lat="22.6568577" lon="88.3468802"/>
 <node id="3629024726" visible="true" version="2" changeset="169402801" timestamp="2025-07-24T14:32:42Z" user="DhammaD" uid="10114313" lat="22.6568961" lon="88.3479788"/>
 <node id="3629024727" visible="true" version="2" changeset="169496713" timestamp="2025-07-26T09:58:01Z" user="TejasSatkar" uid="22889547" lat="22.6568666" lon="88.3470167"/>
 <node id="3629024728" visible="true" version="1" changeset="32329889" timestamp="2015-07-01T11:49:30Z" user="Naresh08" uid="2897134" lat="22.6568701" lon="88.3476469"/>
 <node id="3629024729" visible="true" version="1" changeset="32329889" timestamp="2015-07-01T11:49:30Z" user="Naresh08" uid="2897134" lat="22.6568719" lon="88.3487681"/>
 <node id="3629024730" visible="true" version="2" changeset="169496713" timestamp="2025-07-26T09:58:01Z" user="TejasSatkar" uid="22889547" lat="22.6568824" lon="88.3471491"/>
 <node id="3629024731" visible="true" version="1" changeset="32329889" timestamp="2015-07-01T11:49:30Z" user="Naresh08" uid="2897134" lat="22.6568824" lon="88.3476140"/>
 <node id="3629024732" visible="true" version="5" changeset="169496854" timestamp="2025-07-26T10:01:20Z" user="TejasSatkar" uid="22889547" lat="22.6570238" lon="88.3465651"/>
 <node id="3629024733" visible="true" version="3" changeset="169496594" timestamp="2025-07-26T09:55:12Z" user="TejasSatkar" uid="22889547" lat="22.6569037" lon="88.3478385"/>
 <node id="3629024734" visible="true" version="1" changeset="32329889" timestamp="2015-07-01T11:49:30Z" user="Naresh08" uid="2897134" lat="22.6569004" lon="88.3475329"/>
 <node id="3629024735" visible="true" version="1" changeset="32329889" timestamp="2015-07-01T11:49:30Z" user="Naresh08" uid="2897134" lat="22.6569026" lon="88.3467656"/>
 <node id="3629024736" visible="true" version="5" changeset="169496854" timestamp="2025-07-26T10:01:20Z" user="TejasSatkar" uid="22889547" lat="22.6570482" lon="88.3464384"/>
 <node id="3629024737" visible="true" version="2" changeset="169496713" timestamp="2025-07-26T09:58:01Z" user="TejasSatkar" uid="22889547" lat="22.6569127" lon="88.3469993"/>
 <node id="3629024738" visible="true" version="2" changeset="169496713" timestamp="2025-07-26T09:58:01Z" user="TejasSatkar" uid="22889547" lat="22.6569148" lon="88.3468675"/>
 <node id="3629024739" visible="true" version="2" changeset="169496713" timestamp="2025-07-26T09:58:01Z" user="TejasSatkar" uid="22889547" lat="22.6569175" lon="88.3470351"/>
 <node id="3629024741" visible="true" version="1" changeset="32329889" timestamp="2015-07-01T11:49:31Z" user="Naresh08" uid="2897134" lat="22.6569192" lon="88.3476796"/>
 <node id="3629024742" visible="true" version="2" changeset="169496594" timestamp="2025-07-26T09:55:12Z" user="TejasSatkar" uid="22889547" lat="22.6569238" lon="88.3477214"/>
 <node id="3629024743" visible="true" version="1" changeset="32329889" timestamp="2015-07-01T11:49:31Z" user="Naresh08" uid="2897134" lat="22.6569249" lon="88.3485690"/>
 <node id="3629024744" visible="true" version="1" changeset="32329889" timestamp="2015-07-01T11:49:31Z" user="Naresh08" uid="2897134" lat="22.6569267" lon="88.3466960"/>
 <node id="3629024746" visible="true" version="2" changeset="166598914" timestamp="2025-05-22T07:48:22Z" user="Swihail" uid="15458726" lat="22.6569584" lon="88.3466786"/>
 <node id="3629024747" visible="true" version="2" changeset="169496713" timestamp="2025-07-26T09:58:01Z" user="TejasSatkar" uid="22889547" lat="22.6569421" lon="88.3468048"/>
 <node id="3629024748" visible="true" version="2" changeset="169402801" timestamp="2025-07-24T14:32:42Z" user="DhammaD" uid="10114313" lat="22.6569775" lon="88.3481248"/>
 <node id="3629024749" visible="true" version="2" changeset="169496713" timestamp="2025-07-26T09:58:01Z" user="TejasSatkar" uid="22889547" lat="22.6569441" lon="88.3469209"/>
 <node id="3629024750" visible="true" version="2" changeset="169496713" timestamp="2025-07-26T09:58:01Z" user="TejasSatkar" uid="22889547" lat="22.6569481" lon="88.3469985"/>
 <node id="3629024751" visible="true" version="1" changeset="32329889" timestamp="2015-07-01T11:49:31Z" user="Naresh08" uid="2897134" lat="22.6569562" lon="88.3475565"/>
 <node id="3629024752" visible="true" version="2" changeset="166598914" timestamp="2025-05-22T07:48:22Z" user="Swihail" uid="15458726" lat="22.6569798" lon="88.3466142"/>
 <node id="3629024754" visible="true" version="2" changeset="169402801" timestamp="2025-07-24T14:32:42Z" user="DhammaD" uid="10114313" lat="22.6570041" lon="88.3480076"/>
 <node id="3629024755" visible="true" version="2" changeset="169402801" timestamp="2025-07-24T14:32:42Z" user="DhammaD" uid="10114313" lat="22.6569599" lon="88.3482689"/>
 <node id="3629024756" visible="true" version="2" changeset="169496713" timestamp="2025-07-26T09:58:01Z" user="TejasSatkar" uid="22889547" lat="22.6569716" lon="88.3469237"/>
 <node id="3629024757" visible="true" version="1" changeset="32329889" timestamp="2015-07-01T11:49:31Z" user="Naresh08" uid="2897134" lat="22.6569757" lon="88.3474267"/>
 <node id="3629024760" visible="true" version="2" changeset="169496713" timestamp="2025-07-26T09:58:01Z" user="TejasSatkar" uid="22889547" lat="22.6569932" lon="88.3469075"/>
 <node id="3629024761" visible="true" version="1" changeset="32329889" timestamp="2015-07-01T11:49:31Z" user="Naresh08" uid="2897134" lat="22.6569952" lon="88.3473626"/>
 <node id="3629024762" visible="true" version="2" changeset="169402801" timestamp="2025-07-24T14:32:42Z" user="DhammaD" uid="10114313" lat="22.6569883" lon="88.3481139"/>
 <node id="3629024764" visible="true" version="2" changeset="169496713" timestamp="2025-07-26T09:58:01Z" user="TejasSatkar" uid="22889547" lat="22.6570034" lon="88.3470188"/>
 <node id="3629024766" visible="true" version="2" changeset="169496713" timestamp="2025-07-26T09:58:01Z" user="TejasSatkar" uid="22889547" lat="22.6570204" lon="88.3468447"/>
 <node id="3629024769" visible="true" version="2" changeset="169496713" timestamp="2025-07-26T09:58:01Z" user="TejasSatkar" uid="22889547" lat="22.6570268" lon="88.3469441"/>
 <node id="3629024770" visible="true" version="1" changeset="32329889" timestamp="2015-07-01T11:49:31Z" user="Naresh08" uid="2897134" lat="22.6570302" lon="88.3477187"/>
 <node id="3629024777" visible="true" version="1" changeset="32329889" timestamp="2015-07-01T11:49:31Z" user="Naresh08" uid="2897134" lat="22.6570671" lon="88.3475956"/>
 <node id="3629024779" visible="true" version="2" changeset="169402801" timestamp="2025-07-24T14:32:42Z" user="DhammaD" uid="10114313" lat="22.6570721" lon="88.3482931"/>
 <node id="3629024783" visible="true" version="2" changeset="169402801" timestamp="2025-07-24T14:32:42Z" user="DhammaD" uid="10114313" lat="22.6571005" lon="88.3481381"/>
 <node id="3629024790" visible="true" version="3" changeset="169496594" timestamp="2025-07-26T09:55:12Z" user="TejasSatkar" uid="22889547" lat="22.6571655" lon="88.3478912"/>
 <node id="3629024799" visible="true" version="2" changeset="169496594" timestamp="2025-07-26T09:55:12Z" user="TejasSatkar" uid="22889547" lat="22.6571856" lon="88.3477741"/>
 <node id="3629142875" visible="true" version="1" changeset="32330596" timestamp="2015-07-01T12:23:36Z" user="Naresh08" uid="2897134" lat="22.6552714" lon="88.3482200"/>
 <node id="3629142876" visible="true" version="1" changeset="32330596" timestamp="2015-07-01T12:23:36Z" user="Naresh08" uid="2897134" lat="22.6552884" lon="88.3489412"/>
 <node id="3629142877" visible="true" version="1" changeset="32330596" timestamp="2015-07-01T12:23:36Z" user="Naresh08" uid="2897134" lat="22.6553056" lon="88.3480248"/>
 <node id="3629142878" visible="true" version="1" changeset="32330596" timestamp="2015-07-01T12:23:36Z" user="Naresh08" uid="2897134" lat="22.6553339" lon="88.3486682"/>
 <node id="3629142879" visible="true" version="1" changeset="32330596" timestamp="2015-07-01T12:23:36Z" user="Naresh08" uid="2897134" lat="22.6553766" lon="88.3482416"/>
 <node id="3629142880" visible="true" version="1" changeset="32330596" timestamp="2015-07-01T12:23:36Z" user="Naresh08" uid="2897134" lat="22.6554108" lon="88.3480464"/>
 <node id="3629142881" visible="true" version="1" changeset="32330596" timestamp="2015-07-01T12:23:36Z" user="Naresh08" uid="2897134" lat="22.6556778" lon="88.3490173"/>
 <node id="3629142882" visible="true" version="1" changeset="32330596" timestamp="2015-07-01T12:23:36Z" user="Naresh08" uid="2897134" lat="22.6557233" lon="88.3487443"/>
 <node id="3630466250" visible="true" version="2" changeset="32848909" timestamp="2015-07-24T13:03:48Z" user="shashi2" uid="2891142" lat="22.6558617" lon="88.3490506"/>
 <node id="3630466251" visible="true" version="2" changeset="32848909" timestamp="2015-07-24T13:03:48Z" user="shashi2" uid="2891142" lat="22.6558853" lon="88.3489441"/>
 <node id="3630466252" visible="true" version="2" changeset="32848909" timestamp="2015-07-24T13:03:48Z" user="shashi2" uid="2891142" lat="22.6562750" lon="88.3491167"/>
 <node id="3630466253" visible="true" version="1" changeset="32346294" timestamp="2015-07-02T06:01:00Z" user="Naresh08" uid="2897134" lat="22.6562899" lon="88.3490495"/>
 <node id="3630466256" visible="true" version="1" changeset="32346294" timestamp="2015-07-02T06:01:00Z" user="Naresh08" uid="2897134" lat="22.6568888" lon="88.3492855"/>
 <node id="3630466257" visible="true" version="1" changeset="32346294" timestamp="2015-07-02T06:01:00Z" user="Naresh08" uid="2897134" lat="22.6569011" lon="88.3492385"/>
 <node id="3630466258" visible="true" version="1" changeset="32346294" timestamp="2015-07-02T06:01:00Z" user="Naresh08" uid="2897134" lat="22.6569086" lon="88.3492346"/>
 <node id="3630466260" visible="true" version="1" changeset="32346294" timestamp="2015-07-02T06:01:00Z" user="Naresh08" uid="2897134" lat="22.6569227" lon="88.3491706"/>
 <node id="3630466261" visible="true" version="1" changeset="32346294" timestamp="2015-07-02T06:01:00Z" user="Naresh08" uid="2897134" lat="22.6569345" lon="88.3492994"/>
 <node id="3630466263" visible="true" version="1" changeset="32346294" timestamp="2015-07-02T06:01:00Z" user="Naresh08" uid="2897134" lat="22.6569467" lon="88.3492525"/>
 <node id="3630466264" visible="true" version="1" changeset="32346294" timestamp="2015-07-02T06:01:00Z" user="Naresh08" uid="2897134" lat="22.6569621" lon="88.3493297"/>
 <node id="3630466265" visible="true" version="1" changeset="32346294" timestamp="2015-07-02T06:01:00Z" user="Naresh08" uid="2897134" lat="22.6569666" lon="88.3492497"/>
 <node id="3630466267" visible="true" version="1" changeset="32346294" timestamp="2015-07-02T06:01:00Z" user="Naresh08" uid="2897134" lat="22.6569807" lon="88.3491856"/>
 <node id="3630466268" visible="true" version="1" changeset="32346294" timestamp="2015-07-02T06:01:00Z" user="Naresh08" uid="2897134" lat="22.6569827" lon="88.3492553"/>
 <node id="3630466278" visible="true" version="1" changeset="32346294" timestamp="2015-07-02T06:01:00Z" user="Naresh08" uid="2897134" lat="22.6570565" lon="88.3493604"/>
 <node id="3630466281" visible="true" version="1" changeset="32346294" timestamp="2015-07-02T06:01:00Z" user="Naresh08" uid="2897134" lat="22.6570771" lon="88.3492859"/>
 <node id="3630704542" visible="true" version="1" changeset="32347354" timestamp="2015-07-02T07:07:52Z" user="Naresh08" uid="2897134" lat="22.6555942" lon="88.3472701"/>
 <node id="3630704546" visible="true" version="1" changeset="32347354" timestamp="2015-07-02T07:07:52Z" user="Naresh08" uid="2897134" lat="22.6556122" lon="88.3471726"/>
 <node id="3630704547" visible="true" version="1" changeset="32347354" timestamp="2015-07-02T07:07:52Z" user="Naresh08" uid="2897134" lat="22.6556143" lon="88.3470986"/>
 <node id="3630704548" visible="true" version="1" changeset="32347354" timestamp="2015-07-02T07:07:52Z" user="Naresh08" uid="2897134" lat="22.6556186" lon="88.3469276"/>
 <node id="3630704551" visible="true" version="1" changeset="32347354" timestamp="2015-07-02T07:07:52Z" user="Naresh08" uid="2897134" lat="22.6556406" lon="88.3469921"/>
 <node id="3630704553" visible="true" version="1" changeset="32347354" timestamp="2015-07-02T07:07:52Z" user="Naresh08" uid="2897134" lat="22.6556553" lon="88.3468022"/>
 <node id="3630704554" visible="true" version="1" changeset="32347354" timestamp="2015-07-02T07:07:52Z" user="Naresh08" uid="2897134" lat="22.6556559" lon="88.3471107"/>
 <node id="3630704557" visible="true" version="1" changeset="32347354" timestamp="2015-07-02T07:07:53Z" user="Naresh08" uid="2897134" lat="22.6556698" lon="88.3472865"/>
 <node id="3630704560" visible="true" version="1" changeset="32347354" timestamp="2015-07-02T07:07:53Z" user="Naresh08" uid="2897134" lat="22.6556822" lon="88.3470041"/>
 <node id="3630704563" visible="true" version="1" changeset="32347354" timestamp="2015-07-02T07:07:53Z" user="Naresh08" uid="2897134" lat="22.6556878" lon="88.3471890"/>
 <node id="3630704566" visible="true" version="1" changeset="32347354" timestamp="2015-07-02T07:07:53Z" user="Naresh08" uid="2897134" lat="22.6556911" lon="88.3466388"/>
 <node id="3630704567" visible="true" version="1" changeset="32347354" timestamp="2015-07-02T07:07:53Z" user="Naresh08" uid="2897134" lat="22.6556934" lon="88.3469532"/>
 <node id="3630704568" visible="true" version="1" changeset="32347354" timestamp="2015-07-02T07:07:53Z" user="Naresh08" uid="2897134" lat="22.6556981" lon="88.3465873"/>
 <node id="3630704569" visible="true" version="1" changeset="32347354" timestamp="2015-07-02T07:07:53Z" user="Naresh08" uid="2897134" lat="22.6557300" lon="88.3468279"/>
 <node id="3630704570" visible="true" version="1" changeset="32347354" timestamp="2015-07-02T07:07:53Z" user="Naresh08" uid="2897134" lat="22.6557420" lon="88.3466470"/>
 <node id="3630704571" visible="true" version="1" changeset="32347354" timestamp="2015-07-02T07:07:53Z" user="Naresh08" uid="2897134" lat="22.6557439" lon="88.3467097"/>
 <node id="3630704574" visible="true" version="1" changeset="32347354" timestamp="2015-07-02T07:07:53Z" user="Naresh08" uid="2897134" lat="22.6557491" lon="88.3465955"/>
 <node id="3630704575" visible="true" version="1" changeset="32347354" timestamp="2015-07-02T07:07:53Z" user="Naresh08" uid="2897134" lat="22.6557533" lon="88.3466611"/>
 <node id="3630704577" visible="true" version="1" changeset="32347354" timestamp="2015-07-02T07:07:53Z" user="Naresh08" uid="2897134" lat="22.6557615" lon="88.3471071"/>
 <node id="3630704580" visible="true" version="1" changeset="32347354" timestamp="2015-07-02T07:07:53Z" user="Naresh08" uid="2897134" lat="22.6557775" lon="88.3470138"/>
 <node id="3630704590" visible="true" version="1" changeset="32347354" timestamp="2015-07-02T07:07:53Z" user="Naresh08" uid="2897134" lat="22.6557906" lon="88.3469194"/>
 <node id="3630704696" visible="true" version="1" changeset="32347354" timestamp="2015-07-02T07:07:53Z" user="Naresh08" uid="2897134" lat="22.6558053" lon="88.3468171"/>
 <node id="3630704715" visible="true" version="1" changeset="32347354" timestamp="2015-07-02T07:07:53Z" user="Naresh08" uid="2897134" lat="22.6558390" lon="88.3467312"/>
 <node id="3630704721" visible="true" version="1" changeset="32347354" timestamp="2015-07-02T07:07:54Z" user="Naresh08" uid="2897134" lat="22.6558467" lon="88.3469289"/>
 <node id="3630704723" visible="true" version="1" changeset="32347354" timestamp="2015-07-02T07:07:54Z" user="Naresh08" uid="2897134" lat="22.6558484" lon="88.3466827"/>
 <node id="3630704726" visible="true" version="1" changeset="32347354" timestamp="2015-07-02T07:07:54Z" user="Naresh08" uid="2897134" lat="22.6558583" lon="88.3471267"/>
 <node id="3630704727" visible="true" version="1" changeset="32347354" timestamp="2015-07-02T07:07:54Z" user="Naresh08" uid="2897134" lat="22.6558589" lon="88.3469015"/>
 <node id="3630704728" visible="true" version="1" changeset="32347354" timestamp="2015-07-02T07:07:54Z" user="Naresh08" uid="2897134" lat="22.6558615" lon="88.3468266"/>
 <node id="3630704733" visible="true" version="1" changeset="32347354" timestamp="2015-07-02T07:07:54Z" user="Naresh08" uid="2897134" lat="22.6558743" lon="88.3470334"/>
 <node id="3630704734" visible="true" version="1" changeset="32347354" timestamp="2015-07-02T07:07:54Z" user="Naresh08" uid="2897134" lat="22.6558750" lon="88.3468176"/>
 <node id="3630704789" visible="true" version="1" changeset="32347354" timestamp="2015-07-02T07:07:55Z" user="Naresh08" uid="2897134" lat="22.6559983" lon="88.3469329"/>
 <node id="3630704795" visible="true" version="1" changeset="32347354" timestamp="2015-07-02T07:07:55Z" user="Naresh08" uid="2897134" lat="22.6560144" lon="88.3468489"/>
 <node id="3630704822" visible="true" version="1" changeset="32347354" timestamp="2015-07-02T07:07:55Z" user="Naresh08" uid="2897134" lat="22.6560966" lon="88.3469923"/>
 <node id="3630704831" visible="true" version="1" changeset="32347354" timestamp="2015-07-02T07:07:55Z" user="Naresh08" uid="2897134" lat="22.6561210" lon="88.3474214"/>
 <node id="3630704833" visible="true" version="1" changeset="32347354" timestamp="2015-07-02T07:07:55Z" user="Naresh08" uid="2897134" lat="22.6561255" lon="88.3468691"/>
 <node id="3630704846" visible="true" version="1" changeset="32347354" timestamp="2015-07-02T07:07:55Z" user="Naresh08" uid="2897134" lat="22.6561622" lon="88.3470104"/>
 <node id="3630704857" visible="true" version="2" changeset="169496713" timestamp="2025-07-26T09:58:01Z" user="TejasSatkar" uid="22889547" lat="22.6561872" lon="88.3470745"/>
 <node id="3630704862" visible="true" version="1" changeset="32347354" timestamp="2015-07-02T07:07:56Z" user="Naresh08" uid="2897134" lat="22.6561911" lon="88.3468872"/>
 <node id="3630704863" visible="true" version="1" changeset="32347354" timestamp="2015-07-02T07:07:56Z" user="Naresh08" uid="2897134" lat="22.6561911" lon="88.3472631"/>
 <node id="3630704870" visible="true" version="1" changeset="32347354" timestamp="2015-07-02T07:07:56Z" user="Naresh08" uid="2897134" lat="22.6562062" lon="88.3464490"/>
 <node id="3630704871" visible="true" version="2" changeset="169496713" timestamp="2025-07-26T09:58:01Z" user="TejasSatkar" uid="22889547" lat="22.6562078" lon="88.3469887"/>
 <node id="3630704881" visible="true" version="1" changeset="32347354" timestamp="2015-07-02T07:07:56Z" user="Naresh08" uid="2897134" lat="22.6562251" lon="88.3468352"/>
 <node id="3630704885" visible="true" version="1" changeset="32347354" timestamp="2015-07-02T07:07:56Z" user="Naresh08" uid="2897134" lat="22.6562298" lon="88.3463703"/>
 <node id="3630704889" visible="true" version="1" changeset="32347354" timestamp="2015-07-02T07:07:56Z" user="Naresh08" uid="2897134" lat="22.6562315" lon="88.3467726"/>
 <node id="3630704999" visible="true" version="1" changeset="32347354" timestamp="2015-07-02T07:07:56Z" user="Naresh08" uid="2897134" lat="22.6562482" lon="88.3474876"/>
 <node id="3630705005" visible="true" version="1" changeset="32347354" timestamp="2015-07-02T07:07:56Z" user="Naresh08" uid="2897134" lat="22.6562572" lon="88.3466356"/>
 <node id="3630705020" visible="true" version="1" changeset="32347354" timestamp="2015-07-02T07:07:56Z" user="Naresh08" uid="2897134" lat="22.6562878" lon="88.3464778"/>
 <node id="3630705024" visible="true" version="1" changeset="32347354" timestamp="2015-07-02T07:07:56Z" user="Naresh08" uid="2897134" lat="22.6562933" lon="88.3465172"/>
 <node id="3630705034" visible="true" version="1" changeset="32347354" timestamp="2015-07-02T07:07:57Z" user="Naresh08" uid="2897134" lat="22.6563078" lon="88.3468450"/>
 <node id="3630705036" visible="true" version="1" changeset="32347354" timestamp="2015-07-02T07:07:57Z" user="Naresh08" uid="2897134" lat="22.6563111" lon="88.3464968"/>
 <node id="3630705037" visible="true" version="1" changeset="32347354" timestamp="2015-07-02T07:07:57Z" user="Naresh08" uid="2897134" lat="22.6563114" lon="88.3463990"/>
 <node id="3630705040" visible="true" version="1" changeset="32347354" timestamp="2015-07-02T07:07:57Z" user="Naresh08" uid="2897134" lat="22.6563142" lon="88.3467825"/>
 <node id="3630705043" visible="true" version="1" changeset="32347354" timestamp="2015-07-02T07:07:57Z" user="Naresh08" uid="2897134" lat="22.6563183" lon="88.3473293"/>
 <node id="3630705048" visible="true" version="1" changeset="32347354" timestamp="2015-07-02T07:07:57Z" user="Naresh08" uid="2897134" lat="22.6563278" lon="88.3464473"/>
 <node id="3630705049" visible="true" version="2" changeset="169496713" timestamp="2025-07-26T09:58:01Z" user="TejasSatkar" uid="22889547" lat="22.6563279" lon="88.3471141"/>
 <node id="3630705053" visible="true" version="2" changeset="169496713" timestamp="2025-07-26T09:58:01Z" user="TejasSatkar" uid="22889547" lat="22.6563485" lon="88.3470284"/>
 <node id="3630705054" visible="true" version="1" changeset="32347354" timestamp="2015-07-02T07:07:57Z" user="Naresh08" uid="2897134" lat="22.6563555" lon="88.3471336"/>
 <node id="3630705056" visible="true" version="1" changeset="32347354" timestamp="2015-07-02T07:07:57Z" user="Naresh08" uid="2897134" lat="22.6563589" lon="88.3466721"/>
 <node id="3630705063" visible="true" version="1" changeset="32347354" timestamp="2015-07-02T07:07:57Z" user="Naresh08" uid="2897134" lat="22.6563683" lon="88.3470729"/>
 <node id="3630705074" visible="true" version="1" changeset="32347354" timestamp="2015-07-02T07:07:57Z" user="Naresh08" uid="2897134" lat="22.6563946" lon="88.3466335"/>
 <node id="3630705075" visible="true" version="1" changeset="32347354" timestamp="2015-07-02T07:07:57Z" user="Naresh08" uid="2897134" lat="22.6563950" lon="88.3465536"/>
 <node id="3630705078" visible="true" version="1" changeset="32347354" timestamp="2015-07-02T07:07:57Z" user="Naresh08" uid="2897134" lat="22.6563983" lon="88.3465313"/>
 <node id="3630705084" visible="true" version="1" changeset="32347354" timestamp="2015-07-02T07:07:57Z" user="Naresh08" uid="2897134" lat="22.6564109" lon="88.3465650"/>
 <node id="3630705086" visible="true" version="1" changeset="32347354" timestamp="2015-07-02T07:07:57Z" user="Naresh08" uid="2897134" lat="22.6564150" lon="88.3464817"/>
 <node id="3630705092" visible="true" version="1" changeset="32347354" timestamp="2015-07-02T07:07:57Z" user="Naresh08" uid="2897134" lat="22.6564262" lon="88.3471510"/>
 <node id="3630705200" visible="true" version="1" changeset="32347354" timestamp="2015-07-02T07:07:57Z" user="Naresh08" uid="2897134" lat="22.6564390" lon="88.3470903"/>
 <node id="3630705202" visible="true" version="2" changeset="169496713" timestamp="2025-07-26T09:58:01Z" user="TejasSatkar" uid="22889547" lat="22.6564300" lon="88.3469877"/>
 <node id="3630705208" visible="true" version="1" changeset="32347354" timestamp="2015-07-02T07:07:58Z" user="Naresh08" uid="2897134" lat="22.6564543" lon="88.3466502"/>
 <node id="3630705209" visible="true" version="2" changeset="169496713" timestamp="2025-07-26T09:58:01Z" user="TejasSatkar" uid="22889547" lat="22.6564534" lon="88.3469020"/>
 <node id="3630705216" visible="true" version="1" changeset="32347354" timestamp="2015-07-02T07:07:58Z" user="Naresh08" uid="2897134" lat="22.6564706" lon="88.3465817"/>
 <node id="3630705223" visible="true" version="1" changeset="32347354" timestamp="2015-07-02T07:07:58Z" user="Naresh08" uid="2897134" lat="22.6564895" lon="88.3465626"/>
 <node id="3630705228" visible="true" version="1" changeset="32347354" timestamp="2015-07-02T07:07:58Z" user="Naresh08" uid="2897134" lat="22.6565002" lon="88.3465023"/>
 <node id="3630705262" visible="true" version="1" changeset="32347354" timestamp="2015-07-02T07:07:59Z" user="Naresh08" uid="2897134" lat="22.6565698" lon="88.3465793"/>
 <node id="3630705264" visible="true" version="2" changeset="169496713" timestamp="2025-07-26T09:58:01Z" user="TejasSatkar" uid="22889547" lat="22.6565715" lon="88.3470331"/>
 <node id="3630705266" visible="true" version="1" changeset="32347354" timestamp="2015-07-02T07:07:59Z" user="Naresh08" uid="2897134" lat="22.6565805" lon="88.3465190"/>
 <node id="3630705274" visible="true" version="2" changeset="169496713" timestamp="2025-07-26T09:58:01Z" user="TejasSatkar" uid="22889547" lat="22.6565949" lon="88.3469474"/>
 <node id="3630705397" visible="true" version="1" changeset="32347354" timestamp="2015-07-02T07:07:59Z" user="Naresh08" uid="2897134" lat="22.6566817" lon="88.3465423"/>
 <node id="3630705403" visible="true" version="1" changeset="32347354" timestamp="2015-07-02T07:07:59Z" user="Naresh08" uid="2897134" lat="22.6566919" lon="88.3464810"/>
 <node id="3630705412" visible="true" version="1" changeset="32347354" timestamp="2015-07-02T07:07:59Z" user="Naresh08" uid="2897134" lat="22.6567295" lon="88.3465517"/>
 <node id="3630705415" visible="true" version="1" changeset="32347354" timestamp="2015-07-02T07:07:59Z" user="Naresh08" uid="2897134" lat="22.6567398" lon="88.3464905"/>
 <node id="3630705446" visible="true" version="5" changeset="169496854" timestamp="2025-07-26T10:01:20Z" user="TejasSatkar" uid="22889547" lat="22.6568836" lon="88.3463693"/>
 <node id="3630705450" visible="true" version="5" changeset="169496854" timestamp="2025-07-26T10:01:20Z" user="TejasSatkar" uid="22889547" lat="22.6568990" lon="88.3462415"/>
 <node id="3630705475" visible="true" version="5" changeset="169496854" timestamp="2025-07-26T10:01:20Z" user="TejasSatkar" uid="22889547" lat="22.6569688" lon="88.3463813"/>
 <node id="3630705479" visible="true" version="5" changeset="169496854" timestamp="2025-07-26T10:01:20Z" user="TejasSatkar" uid="22889547" lat="22.6569841" lon="88.3462535"/>
 <node id="3648311130" visible="true" version="1" changeset="32594101" timestamp="2015-07-13T06:08:51Z" user="kushwanth" uid="2901764" lat="22.6555863" lon="88.3474868"/>
 <node id="3648311131" visible="true" version="1" changeset="32594101" timestamp="2015-07-13T06:08:51Z" user="kushwanth" uid="2901764" lat="22.6556045" lon="88.3474011"/>
 <node id="3648311132" visible="true" version="1" changeset="32594101" timestamp="2015-07-13T06:08:51Z" user="kushwanth" uid="2901764" lat="22.6557100" lon="88.3475176"/>
 <node id="3648311133" visible="true" version="1" changeset="32594101" timestamp="2015-07-13T06:08:51Z" user="kushwanth" uid="2901764" lat="22.6557282" lon="88.3474319"/>
 <node id="3648311134" visible="true" version="1" changeset="32594101" timestamp="2015-07-13T06:08:51Z" user="kushwanth" uid="2901764" lat="22.6558672" lon="88.3471426"/>
 <node id="3648311135" visible="true" version="1" changeset="32594101" timestamp="2015-07-13T06:08:51Z" user="kushwanth" uid="2901764" lat="22.6558948" lon="88.3470368"/>
 <node id="3648311136" visible="true" version="2" changeset="32906698" timestamp="2015-07-27T10:44:45Z" user="maheshrkm" uid="2897465" lat="22.6559064" lon="88.3476727"/>
 <node id="3648311137" visible="true" version="1" changeset="32594101" timestamp="2015-07-13T06:08:51Z" user="kushwanth" uid="2901764" lat="22.6559476" lon="88.3471673"/>
 <node id="3648311138" visible="true" version="2" changeset="32906698" timestamp="2015-07-27T10:44:45Z" user="maheshrkm" uid="2897465" lat="22.6559527" lon="88.3475627"/>
 <node id="3648311139" visible="true" version="1" changeset="32594101" timestamp="2015-07-13T06:08:51Z" user="kushwanth" uid="2901764" lat="22.6559752" lon="88.3470615"/>
 <node id="3648311140" visible="true" version="1" changeset="32594101" timestamp="2015-07-13T06:08:51Z" user="kushwanth" uid="2901764" lat="22.6559806" lon="88.3475071"/>
 <node id="3648311141" visible="true" version="1" changeset="32594101" timestamp="2015-07-13T06:08:51Z" user="kushwanth" uid="2901764" lat="22.6560198" lon="88.3474166"/>
 <node id="3648311142" visible="true" version="2" changeset="32906698" timestamp="2015-07-27T10:44:45Z" user="maheshrkm" uid="2897465" lat="22.6561202" lon="88.3477783"/>
 <node id="3648311143" visible="true" version="2" changeset="32906698" timestamp="2015-07-27T10:44:45Z" user="maheshrkm" uid="2897465" lat="22.6561665" lon="88.3476683"/>
 <node id="3648311144" visible="true" version="1" changeset="32594101" timestamp="2015-07-13T06:08:51Z" user="kushwanth" uid="2901764" lat="22.6561642" lon="88.3476004"/>
 <node id="3648311145" visible="true" version="1" changeset="32594101" timestamp="2015-07-13T06:08:51Z" user="kushwanth" uid="2901764" lat="22.6561906" lon="88.3476149"/>
 <node id="3648311146" visible="true" version="1" changeset="32594101" timestamp="2015-07-13T06:08:51Z" user="kushwanth" uid="2901764" lat="22.6562034" lon="88.3475099"/>
 <node id="3648311147" visible="true" version="1" changeset="32594101" timestamp="2015-07-13T06:08:51Z" user="kushwanth" uid="2901764" lat="22.6562206" lon="88.3478203"/>
 <node id="3648311148" visible="true" version="1" changeset="32594101" timestamp="2015-07-13T06:08:51Z" user="kushwanth" uid="2901764" lat="22.6562285" lon="88.3475293"/>
 <node id="3648311149" visible="true" version="1" changeset="32594101" timestamp="2015-07-13T06:08:51Z" user="kushwanth" uid="2901764" lat="22.6562695" lon="88.3476936"/>
 <node id="3648311150" visible="true" version="1" changeset="32594101" timestamp="2015-07-13T06:08:51Z" user="kushwanth" uid="2901764" lat="22.6563218" lon="88.3478661"/>
 <node id="3648311151" visible="true" version="1" changeset="32594101" timestamp="2015-07-13T06:08:51Z" user="kushwanth" uid="2901764" lat="22.6563706" lon="88.3477394"/>
 <node id="3648311152" visible="true" version="1" changeset="32594101" timestamp="2015-07-13T06:08:51Z" user="kushwanth" uid="2901764" lat="22.6563751" lon="88.3477109"/>
 <node id="3648311153" visible="true" version="1" changeset="32594101" timestamp="2015-07-13T06:08:51Z" user="kushwanth" uid="2901764" lat="22.6564072" lon="88.3472735"/>
 <node id="3648311154" visible="true" version="1" changeset="32594101" timestamp="2015-07-13T06:08:51Z" user="kushwanth" uid="2901764" lat="22.6564130" lon="88.3476252"/>
 <node id="3648311155" visible="true" version="1" changeset="32594101" timestamp="2015-07-13T06:08:51Z" user="kushwanth" uid="2901764" lat="22.6564372" lon="88.3471741"/>
 <node id="3648311156" visible="true" version="1" changeset="32594101" timestamp="2015-07-13T06:08:51Z" user="kushwanth" uid="2901764" lat="22.6565047" lon="88.3468506"/>
 <node id="3648311157" visible="true" version="1" changeset="32594101" timestamp="2015-07-13T06:08:51Z" user="kushwanth" uid="2901764" lat="22.6565122" lon="88.3473107"/>
 <node id="3648311158" visible="true" version="1" changeset="32594101" timestamp="2015-07-13T06:08:51Z" user="kushwanth" uid="2901764" lat="22.6565422" lon="88.3472112"/>
 <node id="3648311159" visible="true" version="1" changeset="32594101" timestamp="2015-07-13T06:08:51Z" user="kushwanth" uid="2901764" lat="22.6565677" lon="88.3466696"/>
 <node id="3648311160" visible="true" version="1" changeset="32594101" timestamp="2015-07-13T06:08:51Z" user="kushwanth" uid="2901764" lat="22.6566300" lon="88.3469017"/>
 <node id="3648311161" visible="true" version="1" changeset="32594101" timestamp="2015-07-13T06:08:51Z" user="kushwanth" uid="2901764" lat="22.6566930" lon="88.3467207"/>
 <node id="3648487728" visible="true" version="1" changeset="32596516" timestamp="2015-07-13T08:43:15Z" user="kushwanth" uid="2901764" lat="22.6561988" lon="88.3484529"/>
 <node id="3648487731" visible="true" version="1" changeset="32596516" timestamp="2015-07-13T08:43:15Z" user="kushwanth" uid="2901764" lat="22.6562261" lon="88.3485534"/>
 <node id="3648487735" visible="true" version="1" changeset="32596516" timestamp="2015-07-13T08:43:15Z" user="kushwanth" uid="2901764" lat="22.6563089" lon="88.3484179"/>
 <node id="3648487736" visible="true" version="1" changeset="32596516" timestamp="2015-07-13T08:43:15Z" user="kushwanth" uid="2901764" lat="22.6563362" lon="88.3485183"/>
 <node id="3664094254" visible="true" version="2" changeset="117228618" timestamp="2022-02-10T06:00:14Z" user="Belwal11" uid="14819380" lat="22.6906004" lon="88.3568680"/>
 <node id="3664095359" visible="true" version="2" changeset="117228618" timestamp="2022-02-10T06:00:14Z" user="Belwal11" uid="14819380" lat="22.6925442" lon="88.3568962"/>
 <node id="3664095537" visible="true" version="2" changeset="117212272" timestamp="2022-02-09T17:25:57Z" user="Belwal11" uid="14819380" lat="22.6974054" lon="88.3586705"/>
 <node id="3664095593" visible="true" version="2" changeset="117212272" timestamp="2022-02-09T17:25:57Z" user="Belwal11" uid="14819380" lat="22.6982244" lon="88.3590876"/>
 <node id="3664450610" visible="true" version="2" changeset="117228618" timestamp="2022-02-10T06:00:14Z" user="Belwal11" uid="14819380" lat="22.6633386" lon="88.3497307"/>
 <node id="3664450623" visible="true" version="3" changeset="117228618" timestamp="2022-02-10T06:00:14Z" user="Belwal11" uid="14819380" lat="22.6649029" lon="88.3506989"/>
 <node id="3664519096" visible="true" version="1" changeset="32848909" timestamp="2015-07-24T13:03:30Z" user="shashi2" uid="2891142" lat="22.6560952" lon="88.3491115"/>
 <node id="3664519097" visible="true" version="1" changeset="32848909" timestamp="2015-07-24T13:03:30Z" user="shashi2" uid="2891142" lat="22.6561040" lon="88.3490721"/>
 <node id="3664519099" visible="true" version="2" changeset="181830249" timestamp="2026-04-26T05:13:17Z" user="Ritam Saha" uid="20056617" lat="22.6558580" lon="88.3488744"/>
 <node id="3664519100" visible="true" version="2" changeset="181830249" timestamp="2026-04-26T05:13:17Z" user="Ritam Saha" uid="20056617" lat="22.6554527" lon="88.3480382"/>
 <node id="3664519102" visible="true" version="2" changeset="181830249" timestamp="2026-04-26T05:13:17Z" user="Ritam Saha" uid="20056617" lat="22.6558846" lon="88.3486779"/>
 <node id="3664519104" visible="true" version="2" changeset="181830249" timestamp="2026-04-26T05:13:17Z" user="Ritam Saha" uid="20056617" lat="22.6560096" lon="88.3482206"/>
 <node id="3664519105" visible="true" version="2" changeset="181830249" timestamp="2026-04-26T05:13:17Z" user="Ritam Saha" uid="20056617" lat="22.6561399" lon="88.3484093"/>
 <node id="3664519108" visible="true" version="3" changeset="181830249" timestamp="2026-04-26T05:13:17Z" user="Ritam Saha" uid="20056617" lat="22.6562021" lon="88.3497072"/>
 <node id="3664519109" visible="true" version="3" changeset="181830249" timestamp="2026-04-26T05:13:17Z" user="Ritam Saha" uid="20056617" lat="22.6562312" lon="88.3495013"/>
 <node id="3664519110" visible="true" version="3" changeset="181830249" timestamp="2026-04-26T05:13:17Z" user="Ritam Saha" uid="20056617" lat="22.6558277" lon="88.3490762"/>
 <node id="3664519111" visible="true" version="3" changeset="181830249" timestamp="2026-04-26T05:13:17Z" user="Ritam Saha" uid="20056617" lat="22.6564707" lon="88.3491756"/>
 <node id="3664519112" visible="true" version="2" changeset="118451371" timestamp="2022-03-14T02:45:11Z" user="VLD256" uid="10979439" lat="22.6564684" lon="88.3490687"/>
 <node id="3664519113" visible="true" version="2" changeset="181830249" timestamp="2026-04-26T05:13:17Z" user="Ritam Saha" uid="20056617" lat="22.6561198" lon="88.3491661"/>
 <node id="3664519114" visible="true" version="2" changeset="181830249" timestamp="2026-04-26T05:13:17Z" user="Ritam Saha" uid="20056617" lat="22.6563716" lon="88.3497340"/>
 <node id="3664519115" visible="true" version="2" changeset="181830249" timestamp="2026-04-26T05:13:17Z" user="Ritam Saha" uid="20056617" lat="22.6558630" lon="88.3488925"/>
 <node id="3664519116" visible="true" version="2" changeset="181830249" timestamp="2026-04-26T05:13:17Z" user="Ritam Saha" uid="20056617" lat="22.6564572" lon="88.3491563"/>
 <node id="3664519117" visible="true" version="1" changeset="32848909" timestamp="2015-07-24T13:03:30Z" user="shashi2" uid="2891142" lat="22.6565766" lon="88.3487754"/>
 <node id="3664519118" visible="true" version="2" changeset="181830249" timestamp="2026-04-26T05:13:17Z" user="Ritam Saha" uid="20056617" lat="22.6563252" lon="88.3490098"/>
 <node id="3664519119" visible="true" version="2" changeset="181830249" timestamp="2026-04-26T05:13:17Z" user="Ritam Saha" uid="20056617" lat="22.6560690" lon="88.3494678"/>
 <node id="3664519120" visible="true" version="2" changeset="181830249" timestamp="2026-04-26T05:13:17Z" user="Ritam Saha" uid="20056617" lat="22.6563778" lon="88.3491164"/>
 <node id="3664519121" visible="true" version="2" changeset="181830249" timestamp="2026-04-26T05:13:17Z" user="Ritam Saha" uid="20056617" lat="22.6564940" lon="88.3491857"/>
 <node id="3668145734" visible="true" version="2" changeset="117228618" timestamp="2022-02-10T06:00:14Z" user="Belwal11" uid="14819380" lat="22.6618919" lon="88.3495818"/>
 <node id="3668470532" visible="true" version="1" changeset="32906698" timestamp="2015-07-27T10:44:01Z" user="maheshrkm" uid="2897465" lat="22.6557487" lon="88.3474127"/>
 <node id="3668470533" visible="true" version="1" changeset="32906698" timestamp="2015-07-27T10:44:01Z" user="maheshrkm" uid="2897465" lat="22.6557669" lon="88.3473337"/>
 <node id="3668470534" visible="true" version="1" changeset="32906698" timestamp="2015-07-27T10:44:01Z" user="maheshrkm" uid="2897465" lat="22.6557881" lon="88.3474317"/>
 <node id="3668470535" visible="true" version="1" changeset="32906698" timestamp="2015-07-27T10:44:01Z" user="maheshrkm" uid="2897465" lat="22.6557899" lon="88.3474238"/>
 <node id="3668470536" visible="true" version="1" changeset="32906698" timestamp="2015-07-27T10:44:01Z" user="maheshrkm" uid="2897465" lat="22.6558482" lon="88.3475588"/>
 <node id="3668470537" visible="true" version="1" changeset="32906698" timestamp="2015-07-27T10:44:01Z" user="maheshrkm" uid="2897465" lat="22.6558597" lon="88.3474511"/>
 <node id="3668470538" visible="true" version="1" changeset="32906698" timestamp="2015-07-27T10:44:01Z" user="maheshrkm" uid="2897465" lat="22.6558797" lon="88.3473643"/>
 <node id="3668470539" visible="true" version="1" changeset="32906698" timestamp="2015-07-27T10:44:01Z" user="maheshrkm" uid="2897465" lat="22.6558915" lon="88.3473366"/>
 <node id="3668470540" visible="true" version="1" changeset="32906698" timestamp="2015-07-27T10:44:01Z" user="maheshrkm" uid="2897465" lat="22.6559026" lon="88.3473844"/>
 <node id="3668470541" visible="true" version="1" changeset="32906698" timestamp="2015-07-27T10:44:01Z" user="maheshrkm" uid="2897465" lat="22.6559200" lon="88.3476404"/>
 <node id="3668470542" visible="true" version="1" changeset="32906698" timestamp="2015-07-27T10:44:01Z" user="maheshrkm" uid="2897465" lat="22.6559282" lon="88.3474102"/>
 <node id="3668470543" visible="true" version="1" changeset="32906698" timestamp="2015-07-27T10:44:01Z" user="maheshrkm" uid="2897465" lat="22.6559302" lon="88.3476455"/>
 <node id="3668470544" visible="true" version="1" changeset="32906698" timestamp="2015-07-27T10:44:01Z" user="maheshrkm" uid="2897465" lat="22.6559328" lon="88.3473955"/>
 <node id="3668470545" visible="true" version="1" changeset="32906698" timestamp="2015-07-27T10:44:01Z" user="maheshrkm" uid="2897465" lat="22.6559332" lon="88.3476090"/>
 <node id="3668470546" visible="true" version="1" changeset="32906698" timestamp="2015-07-27T10:44:01Z" user="maheshrkm" uid="2897465" lat="22.6559347" lon="88.3475905"/>
 <node id="3668470547" visible="true" version="1" changeset="32906698" timestamp="2015-07-27T10:44:01Z" user="maheshrkm" uid="2897465" lat="22.6559434" lon="88.3476141"/>
 <node id="3668470548" visible="true" version="1" changeset="32906698" timestamp="2015-07-27T10:44:01Z" user="maheshrkm" uid="2897465" lat="22.6559483" lon="88.3473495"/>
 <node id="3668470549" visible="true" version="1" changeset="32906698" timestamp="2015-07-27T10:44:01Z" user="maheshrkm" uid="2897465" lat="22.6559494" lon="88.3474179"/>
 <node id="3668470550" visible="true" version="1" changeset="32906698" timestamp="2015-07-27T10:44:01Z" user="maheshrkm" uid="2897465" lat="22.6559540" lon="88.3474032"/>
 <node id="3668470551" visible="true" version="1" changeset="32906698" timestamp="2015-07-27T10:44:01Z" user="maheshrkm" uid="2897465" lat="22.6559791" lon="88.3474099"/>
 <node id="3668470552" visible="true" version="1" changeset="32906698" timestamp="2015-07-27T10:44:01Z" user="maheshrkm" uid="2897465" lat="22.6561044" lon="88.3474301"/>
 <node id="3668470553" visible="true" version="1" changeset="32906698" timestamp="2015-07-27T10:44:01Z" user="maheshrkm" uid="2897465" lat="22.6561793" lon="88.3470508"/>
 <node id="3668470554" visible="true" version="1" changeset="32906698" timestamp="2015-07-27T10:44:01Z" user="maheshrkm" uid="2897465" lat="22.6562034" lon="88.3484113"/>
 <node id="3668470555" visible="true" version="1" changeset="32906698" timestamp="2015-07-27T10:44:01Z" user="maheshrkm" uid="2897465" lat="22.6562341" lon="88.3482894"/>
 <node id="3668470556" visible="true" version="1" changeset="32906698" timestamp="2015-07-27T10:44:01Z" user="maheshrkm" uid="2897465" lat="22.6562413" lon="88.3484228"/>
 <node id="3668470557" visible="true" version="1" changeset="32906698" timestamp="2015-07-27T10:44:01Z" user="maheshrkm" uid="2897465" lat="22.6562667" lon="88.3484083"/>
 <node id="3668470558" visible="true" version="1" changeset="32906698" timestamp="2015-07-27T10:44:01Z" user="maheshrkm" uid="2897465" lat="22.6563262" lon="88.3484001"/>
 <node id="3668470559" visible="true" version="1" changeset="32906698" timestamp="2015-07-27T10:44:01Z" user="maheshrkm" uid="2897465" lat="22.6563541" lon="88.3485249"/>
 <node id="3668470560" visible="true" version="1" changeset="32906698" timestamp="2015-07-27T10:44:01Z" user="maheshrkm" uid="2897465" lat="22.6563575" lon="88.3484264"/>
 <node id="3668470561" visible="true" version="1" changeset="32906698" timestamp="2015-07-27T10:44:01Z" user="maheshrkm" uid="2897465" lat="22.6563767" lon="88.3484034"/>
 <node id="3668470562" visible="true" version="1" changeset="32906698" timestamp="2015-07-27T10:44:01Z" user="maheshrkm" uid="2897465" lat="22.6564518" lon="88.3484169"/>
 <node id="3668470563" visible="true" version="1" changeset="32906698" timestamp="2015-07-27T10:44:01Z" user="maheshrkm" uid="2897465" lat="22.6564634" lon="88.3485293"/>
 <node id="3668470564" visible="true" version="1" changeset="32906698" timestamp="2015-07-27T10:44:01Z" user="maheshrkm" uid="2897465" lat="22.6564643" lon="88.3483576"/>
 <node id="3668470565" visible="true" version="1" changeset="32906698" timestamp="2015-07-27T10:44:01Z" user="maheshrkm" uid="2897465" lat="22.6564667" lon="88.3484308"/>
 <node id="3668470824" visible="true" version="2" changeset="117228618" timestamp="2022-02-10T06:00:14Z" user="Belwal11" uid="14819380" lat="22.6629822" lon="88.3494450"/>
 <node id="3668470979" visible="true" version="2" changeset="117228618" timestamp="2022-02-10T06:00:14Z" user="Belwal11" uid="14819380" lat="22.6632161" lon="88.3496019"/>
 <node id="3668471197" visible="true" version="2" changeset="117228618" timestamp="2022-02-10T06:00:14Z" user="Belwal11" uid="14819380" lat="22.6635515" lon="88.3499855"/>
 <node id="3668471450" visible="true" version="3" changeset="118305536" timestamp="2022-03-10T06:46:02Z" user="VLD106" uid="9124217" lat="22.6646937" lon="88.3506099"/>
 <node id="4467152891" visible="true" version="2" changeset="117207322" timestamp="2022-02-09T15:12:29Z" user="Belwal11" uid="14819380" lat="22.7237772" lon="88.3535193"/>
 <node id="6148007516" visible="true" version="2" changeset="169496623" timestamp="2025-07-26T09:55:45Z" user="TejasSatkar" uid="22889547" lat="22.6566068" lon="88.3477767"/>
 <node id="6148007517" visible="true" version="2" changeset="169496623" timestamp="2025-07-26T09:55:45Z" user="TejasSatkar" uid="22889547" lat="22.6565739" lon="88.3478671"/>
 <node id="6148007518" visible="true" version="2" changeset="169496623" timestamp="2025-07-26T09:55:45Z" user="TejasSatkar" uid="22889547" lat="22.6567408" lon="88.3479386"/>
 <node id="6148007519" visible="true" version="2" changeset="169496623" timestamp="2025-07-26T09:55:45Z" user="TejasSatkar" uid="22889547" lat="22.6567737" lon="88.3478482"/>
 <node id="6148007520" visible="true" version="2" changeset="169496623" timestamp="2025-07-26T09:55:45Z" user="TejasSatkar" uid="22889547" lat="22.6566662" lon="88.3477022"/>
 <node id="6148007521" visible="true" version="2" changeset="169496623" timestamp="2025-07-26T09:55:45Z" user="TejasSatkar" uid="22889547" lat="22.6566427" lon="88.3477867"/>
 <node id="6148007522" visible="true" version="2" changeset="169496623" timestamp="2025-07-26T09:55:45Z" user="TejasSatkar" uid="22889547" lat="22.6568556" lon="88.3478563"/>
 <node id="6148007523" visible="true" version="2" changeset="169496623" timestamp="2025-07-26T09:55:45Z" user="TejasSatkar" uid="22889547" lat="22.6568792" lon="88.3477718"/>
 <node id="6148007524" visible="true" version="1" changeset="65617620" timestamp="2018-12-19T17:03:42Z" user="8XVHdmB2BC7kUQcY" uid="8125743" lat="22.6566398" lon="88.3479715"/>
 <node id="6148007525" visible="true" version="1" changeset="65617620" timestamp="2018-12-19T17:03:42Z" user="8XVHdmB2BC7kUQcY" uid="8125743" lat="22.6566101" lon="88.3481003"/>
 <node id="6148007526" visible="true" version="1" changeset="65617620" timestamp="2018-12-19T17:03:42Z" user="8XVHdmB2BC7kUQcY" uid="8125743" lat="22.6567968" lon="88.3481508"/>
 <node id="6148007527" visible="true" version="1" changeset="65617620" timestamp="2018-12-19T17:03:42Z" user="8XVHdmB2BC7kUQcY" uid="8125743" lat="22.6568265" lon="88.3480221"/>
 <node id="6148007528" visible="true" version="1" changeset="65617620" timestamp="2018-12-19T17:03:42Z" user="8XVHdmB2BC7kUQcY" uid="8125743" lat="22.6564078" lon="88.3478571"/>
 <node id="6148007529" visible="true" version="1" changeset="65617620" timestamp="2018-12-19T17:03:42Z" user="8XVHdmB2BC7kUQcY" uid="8125743" lat="22.6563682" lon="88.3479577"/>
 <node id="6148007530" visible="true" version="1" changeset="65617620" timestamp="2018-12-19T17:03:42Z" user="8XVHdmB2BC7kUQcY" uid="8125743" lat="22.6565888" lon="88.3480597"/>
 <node id="6148007531" visible="true" version="1" changeset="65617620" timestamp="2018-12-19T17:03:42Z" user="8XVHdmB2BC7kUQcY" uid="8125743" lat="22.6566284" lon="88.3479591"/>
 <node id="7051039419" visible="true" version="2" changeset="144999963" timestamp="2023-12-11T13:32:41Z" user="saswatasarkar13" uid="12313405" lat="22.6568859" lon="88.3463068">
  <tag k="addr:district" v="Hooghly"/>
  <tag k="addr:full" v="22, Shibnarayan Road, Uttarpara"/>
  <tag k="addr:postcode" v="712258"/>
  <tag k="addr:state" v="West Bengal"/>
  <tag k="amenity" v="hospital"/>
  <tag k="healthcare" v="hospital"/>
  <tag k="name" v="Nilima Matri Sadan"/>
  <tag k="source" v="OpenGovernmentData"/>
 </node>
 <node id="8040296067" visible="true" version="1" changeset="92962280" timestamp="2020-10-23T16:58:16Z" user="ROCKY VAI" uid="11522948" lat="22.6568074" lon="88.3457691"/>
 <node id="8040296068" visible="true" version="1" changeset="92962280" timestamp="2020-10-23T16:58:16Z" user="ROCKY VAI" uid="11522948" lat="22.6567085" lon="88.3464453"/>
 <node id="8040296069" visible="true" version="1" changeset="92962280" timestamp="2020-10-23T16:58:16Z" user="ROCKY VAI" uid="11522948" lat="22.6559618" lon="88.3463418"/>
 <node id="8040296070" visible="true" version="1" changeset="92962280" timestamp="2020-10-23T16:58:16Z" user="ROCKY VAI" uid="11522948" lat="22.6560641" lon="88.3456397"/>
 <node id="9394702337" visible="true" version="2" changeset="117228618" timestamp="2022-02-10T06:00:14Z" user="Belwal11" uid="14819380" lat="22.6793380" lon="88.3530110"/>
 <node id="9394702367" visible="true" version="2" changeset="117228618" timestamp="2022-02-10T06:00:14Z" user="Belwal11" uid="14819380" lat="22.6780783" lon="88.3528474"/>
 <node id="9394702468" visible="true" version="2" changeset="117228618" timestamp="2022-02-10T06:00:14Z" user="Belwal11" uid="14819380" lat="22.6742707" lon="88.3516404"/>
 <node id="9394702498" visible="true" version="2" changeset="117228618" timestamp="2022-02-10T06:00:14Z" user="Belwal11" uid="14819380" lat="22.6722301" lon="88.3509041"/>
 <node id="9394702530" visible="true" version="2" changeset="117228618" timestamp="2022-02-10T06:00:14Z" user="Belwal11" uid="14819380" lat="22.6717438" lon="88.3507955"/>
 <node id="9394702549" visible="true" version="2" changeset="117228618" timestamp="2022-02-10T06:00:14Z" user="Belwal11" uid="14819380" lat="22.6709159" lon="88.3507700"/>
 <node id="9394702592" visible="true" version="2" changeset="117228618" timestamp="2022-02-10T06:00:14Z" user="Belwal11" uid="14819380" lat="22.6692218" lon="88.3512421"/>
 <node id="9394702596" visible="true" version="2" changeset="117228618" timestamp="2022-02-10T06:00:14Z" user="Belwal11" uid="14819380" lat="22.6685622" lon="88.3511402"/>
 <node id="9394702611" visible="true" version="3" changeset="145558228" timestamp="2023-12-27T05:26:01Z" user="olarumankhan" uid="19619725" lat="22.6669933" lon="88.3510369"/>
 <node id="9394702630" visible="true" version="2" changeset="117228618" timestamp="2022-02-10T06:00:14Z" user="Belwal11" uid="14819380" lat="22.6665958" lon="88.3509752"/>
 <node id="9394702636" visible="true" version="2" changeset="117228618" timestamp="2022-02-10T06:00:14Z" user="Belwal11" uid="14819380" lat="22.6662976" lon="88.3509216"/>
 <node id="9394702684" visible="true" version="3" changeset="118305536" timestamp="2022-03-10T06:46:02Z" user="VLD106" uid="9124217" lat="22.6644703" lon="88.3504205"/>
 <node id="9394702705" visible="true" version="3" changeset="118305536" timestamp="2022-03-10T06:46:02Z" user="VLD106" uid="9124217" lat="22.6640639" lon="88.3501842"/>
 <node id="9394702713" visible="true" version="2" changeset="117228618" timestamp="2022-02-10T06:00:14Z" user="Belwal11" uid="14819380" lat="22.6689446" lon="88.3511925"/>
 <node id="9394702718" visible="true" version="2" changeset="117228618" timestamp="2022-02-10T06:00:14Z" user="Belwal11" uid="14819380" lat="22.6699668" lon="88.3511375"/>
 <node id="9394702723" visible="true" version="2" changeset="117228618" timestamp="2022-02-10T06:00:14Z" user="Belwal11" uid="14819380" lat="22.6701276" lon="88.3510503"/>
 <node id="9394702731" visible="true" version="2" changeset="117228618" timestamp="2022-02-10T06:00:14Z" user="Belwal11" uid="14819380" lat="22.6712191" lon="88.3507526"/>
 <node id="9394702751" visible="true" version="2" changeset="117228618" timestamp="2022-02-10T06:00:14Z" user="Belwal11" uid="14819380" lat="22.6719195" lon="88.3508196"/>
 <node id="9394702780" visible="true" version="2" changeset="117228618" timestamp="2022-02-10T06:00:14Z" user="Belwal11" uid="14819380" lat="22.6742064" lon="88.3516176"/>
 <node id="9394702787" visible="true" version="2" changeset="117228618" timestamp="2022-02-10T06:00:14Z" user="Belwal11" uid="14819380" lat="22.6752854" lon="88.3519636"/>
 <node id="9394702788" visible="true" version="2" changeset="117228618" timestamp="2022-02-10T06:00:14Z" user="Belwal11" uid="14819380" lat="22.6760724" lon="88.3523203"/>
 <node id="9394702805" visible="true" version="2" changeset="117228618" timestamp="2022-02-10T06:00:14Z" user="Belwal11" uid="14819380" lat="22.6769003" lon="88.3525550"/>
 <node id="9394702810" visible="true" version="2" changeset="117228618" timestamp="2022-02-10T06:00:14Z" user="Belwal11" uid="14819380" lat="22.6778407" lon="88.3527844"/>
 <node id="9394702853" visible="true" version="2" changeset="117228618" timestamp="2022-02-10T06:00:14Z" user="Belwal11" uid="14819380" lat="22.6814490" lon="88.3536172"/>
 <node id="9394702855" visible="true" version="2" changeset="117228618" timestamp="2022-02-10T06:00:14Z" user="Belwal11" uid="14819380" lat="22.6823956" lon="88.3540249"/>
 <node id="9394702857" visible="true" version="3" changeset="117228618" timestamp="2022-02-10T06:00:14Z" user="Belwal11" uid="14819380" lat="22.6834746" lon="88.3543025"/>
 <node id="9394702867" visible="true" version="4" changeset="118355996" timestamp="2022-03-11T10:01:26Z" user="VLD106" uid="9124217" lat="22.6838124" lon="88.3543551"/>
 <node id="9396287625" visible="true" version="2" changeset="117228618" timestamp="2022-02-10T06:00:14Z" user="Belwal11" uid="14819380" lat="22.6829103" lon="88.3541831"/>
 <node id="9396287639" visible="true" version="3" changeset="118355996" timestamp="2022-03-11T10:01:26Z" user="VLD106" uid="9124217" lat="22.6842182" lon="88.3544476"/>
 <node id="9396287789" visible="true" version="2" changeset="117228618" timestamp="2022-02-10T06:00:14Z" user="Belwal11" uid="14819380" lat="22.6812733" lon="88.3535676"/>
 <node id="9492497905" visible="true" version="1" changeset="117204702" timestamp="2022-02-09T14:16:50Z" user="Belwal11" uid="14819380" lat="22.7444423" lon="88.3497910"/>
 <node id="9492497906" visible="true" version="2" changeset="117207322" timestamp="2022-02-09T15:12:29Z" user="Belwal11" uid="14819380" lat="22.7449506" lon="88.3496609"/>
 <node id="9492497907" visible="true" version="2" changeset="117207322" timestamp="2022-02-09T15:12:29Z" user="Belwal11" uid="14819380" lat="22.7452474" lon="88.3495885"/>
 <node id="9492497908" visible="true" version="1" changeset="117204702" timestamp="2022-02-09T14:16:50Z" user="Belwal11" uid="14819380" lat="22.7455504" lon="88.3495040"/>
 <node id="9492497909" visible="true" version="1" changeset="117204702" timestamp="2022-02-09T14:16:50Z" user="Belwal11" uid="14819380" lat="22.7458609" lon="88.3494075"/>
 <node id="9492497910" visible="true" version="1" changeset="117204702" timestamp="2022-02-09T14:16:50Z" user="Belwal11" uid="14819380" lat="22.7459895" lon="88.3493592"/>
 <node id="9492497911" visible="true" version="1" changeset="117204702" timestamp="2022-02-09T14:16:50Z" user="Belwal11" uid="14819380" lat="22.7461775" lon="88.3492814"/>
 <node id="9492497912" visible="true" version="1" changeset="117204702" timestamp="2022-02-09T14:16:50Z" user="Belwal11" uid="14819380" lat="22.7466116" lon="88.3490829"/>
 <node id="9492497913" visible="true" version="1" changeset="117204702" timestamp="2022-02-09T14:16:50Z" user="Belwal11" uid="14819380" lat="22.7478521" lon="88.3486108"/>
 <node id="9492497914" visible="true" version="1" changeset="117204702" timestamp="2022-02-09T14:16:50Z" user="Belwal11" uid="14819380" lat="22.7475033" lon="88.3487302"/>
 <node id="9492497915" visible="true" version="1" changeset="117204702" timestamp="2022-02-09T14:16:50Z" user="Belwal11" uid="14819380" lat="22.7481774" lon="88.3484861"/>
 <node id="9492497916" visible="true" version="1" changeset="117204702" timestamp="2022-02-09T14:16:50Z" user="Belwal11" uid="14819380" lat="22.7486672" lon="88.3482850"/>
 <node id="9492516417" visible="true" version="1" changeset="117204702" timestamp="2022-02-09T14:16:50Z" user="Belwal11" uid="14819380" lat="22.7488589" lon="88.3481522"/>
 <node id="9492516418" visible="true" version="1" changeset="117204702" timestamp="2022-02-09T14:16:50Z" user="Belwal11" uid="14819380" lat="22.7489133" lon="88.3480771"/>
 <node id="9492516419" visible="true" version="1" changeset="117204702" timestamp="2022-02-09T14:16:50Z" user="Belwal11" uid="14819380" lat="22.7489603" lon="88.3479966"/>
 <node id="9492516420" visible="true" version="1" changeset="117204702" timestamp="2022-02-09T14:16:50Z" user="Belwal11" uid="14819380" lat="22.7492348" lon="88.3472657"/>
 <node id="9492516421" visible="true" version="1" changeset="117204702" timestamp="2022-02-09T14:16:50Z" user="Belwal11" uid="14819380" lat="22.7493845" lon="88.3468822"/>
 <node id="9492516422" visible="true" version="1" changeset="117204702" timestamp="2022-02-09T14:16:50Z" user="Belwal11" uid="14819380" lat="22.7495045" lon="88.3467279"/>
 <node id="9492516423" visible="true" version="1" changeset="117204702" timestamp="2022-02-09T14:16:50Z" user="Belwal11" uid="14819380" lat="22.7496467" lon="88.3466475"/>
 <node id="9492516424" visible="true" version="1" changeset="117204702" timestamp="2022-02-09T14:16:50Z" user="Belwal11" uid="14819380" lat="22.7498087" lon="88.3464544"/>
 <node id="9492516425" visible="true" version="1" changeset="117204702" timestamp="2022-02-09T14:16:50Z" user="Belwal11" uid="14819380" lat="22.7498310" lon="88.3462612"/>
 <node id="9492516426" visible="true" version="1" changeset="117204702" timestamp="2022-02-09T14:16:50Z" user="Belwal11" uid="14819380" lat="22.7498545" lon="88.3460708"/>
 <node id="9492630765" visible="true" version="1" changeset="117207322" timestamp="2022-02-09T15:12:29Z" user="Belwal11" uid="14819380" lat="22.7026141" lon="88.3586772"/>
 <node id="9492630766" visible="true" version="1" changeset="117207322" timestamp="2022-02-09T15:12:29Z" user="Belwal11" uid="14819380" lat="22.7027638" lon="88.3586584"/>
 <node id="9492630767" visible="true" version="1" changeset="117207322" timestamp="2022-02-09T15:12:29Z" user="Belwal11" uid="14819380" lat="22.7031213" lon="88.3585525"/>
 <node id="9492630768" visible="true" version="1" changeset="117207322" timestamp="2022-02-09T15:12:29Z" user="Belwal11" uid="14819380" lat="22.7028553" lon="88.3586396"/>
 <node id="9492630769" visible="true" version="1" changeset="117207322" timestamp="2022-02-09T15:12:29Z" user="Belwal11" uid="14819380" lat="22.7032710" lon="88.3584867"/>
 <node id="9492630770" visible="true" version="1" changeset="117207322" timestamp="2022-02-09T15:12:29Z" user="Belwal11" uid="14819380" lat="22.7036818" lon="88.3583151"/>
 <node id="9492630771" visible="true" version="1" changeset="117207322" timestamp="2022-02-09T15:12:29Z" user="Belwal11" uid="14819380" lat="22.7042212" lon="88.3582561"/>
 <node id="9492630772" visible="true" version="1" changeset="117207322" timestamp="2022-02-09T15:12:29Z" user="Belwal11" uid="14819380" lat="22.7044538" lon="88.3582266"/>
 <node id="9492630773" visible="true" version="1" changeset="117207322" timestamp="2022-02-09T15:12:29Z" user="Belwal11" uid="14819380" lat="22.7045936" lon="88.3581971"/>
 <node id="9492630774" visible="true" version="1" changeset="117207322" timestamp="2022-02-09T15:12:29Z" user="Belwal11" uid="14819380" lat="22.7056353" lon="88.3580817"/>
 <node id="9492630775" visible="true" version="1" changeset="117207322" timestamp="2022-02-09T15:12:29Z" user="Belwal11" uid="14819380" lat="22.7057429" lon="88.3580683"/>
 <node id="9492630776" visible="true" version="1" changeset="117207322" timestamp="2022-02-09T15:12:29Z" user="Belwal11" uid="14819380" lat="22.7063318" lon="88.3578926"/>
 <node id="9492630777" visible="true" version="1" changeset="117207322" timestamp="2022-02-09T15:12:29Z" user="Belwal11" uid="14819380" lat="22.7070197" lon="88.3577813"/>
 <node id="9492630778" visible="true" version="1" changeset="117207322" timestamp="2022-02-09T15:12:29Z" user="Belwal11" uid="14819380" lat="22.7072275" lon="88.3576928"/>
 <node id="9492630779" visible="true" version="1" changeset="117207322" timestamp="2022-02-09T15:12:29Z" user="Belwal11" uid="14819380" lat="22.7073017" lon="88.3576445"/>
 <node id="9492630780" visible="true" version="1" changeset="117207322" timestamp="2022-02-09T15:12:29Z" user="Belwal11" uid="14819380" lat="22.7075702" lon="88.3574313"/>
 <node id="9492630781" visible="true" version="1" changeset="117207322" timestamp="2022-02-09T15:12:29Z" user="Belwal11" uid="14819380" lat="22.7076853" lon="88.3573280"/>
 <node id="9492630782" visible="true" version="1" changeset="117207322" timestamp="2022-02-09T15:12:29Z" user="Belwal11" uid="14819380" lat="22.7079513" lon="88.3571067"/>
 <node id="9492630783" visible="true" version="1" changeset="117207322" timestamp="2022-02-09T15:12:29Z" user="Belwal11" uid="14819380" lat="22.7081034" lon="88.3569968"/>
 <node id="9492630784" visible="true" version="1" changeset="117207322" timestamp="2022-02-09T15:12:29Z" user="Belwal11" uid="14819380" lat="22.7085401" lon="88.3567902"/>
 <node id="9492630785" visible="true" version="1" changeset="117207322" timestamp="2022-02-09T15:12:29Z" user="Belwal11" uid="14819380" lat="22.7090449" lon="88.3567272"/>
 <node id="9492630786" visible="true" version="1" changeset="117207322" timestamp="2022-02-09T15:12:29Z" user="Belwal11" uid="14819380" lat="22.7091327" lon="88.3566990"/>
 <node id="9492630787" visible="true" version="1" changeset="117207322" timestamp="2022-02-09T15:12:29Z" user="Belwal11" uid="14819380" lat="22.7094111" lon="88.3566172"/>
 <node id="9492630788" visible="true" version="1" changeset="117207322" timestamp="2022-02-09T15:12:29Z" user="Belwal11" uid="14819380" lat="22.7095212" lon="88.3565918"/>
 <node id="9492630789" visible="true" version="1" changeset="117207322" timestamp="2022-02-09T15:12:29Z" user="Belwal11" uid="14819380" lat="22.7096560" lon="88.3565636"/>
 <node id="9492630790" visible="true" version="1" changeset="117207322" timestamp="2022-02-09T15:12:29Z" user="Belwal11" uid="14819380" lat="22.7099010" lon="88.3565448"/>
 <node id="9492630791" visible="true" version="1" changeset="117207322" timestamp="2022-02-09T15:12:29Z" user="Belwal11" uid="14819380" lat="22.7100445" lon="88.3565569"/>
 <node id="9492630792" visible="true" version="1" changeset="117207322" timestamp="2022-02-09T15:12:29Z" user="Belwal11" uid="14819380" lat="22.7111777" lon="88.3567674"/>
 <node id="9492630793" visible="true" version="1" changeset="117207322" timestamp="2022-02-09T15:12:29Z" user="Belwal11" uid="14819380" lat="22.7114214" lon="88.3567902"/>
 <node id="9492630794" visible="true" version="1" changeset="117207322" timestamp="2022-02-09T15:12:29Z" user="Belwal11" uid="14819380" lat="22.7116478" lon="88.3567205"/>
 <node id="9492630795" visible="true" version="1" changeset="117207322" timestamp="2022-02-09T15:12:29Z" user="Belwal11" uid="14819380" lat="22.7121711" lon="88.3562122"/>
 <node id="9492630796" visible="true" version="2" changeset="118349702" timestamp="2022-03-11T06:51:10Z" user="VLD120" uid="9124224" lat="22.7138919" lon="88.3554438"/>
 <node id="9492630797" visible="true" version="1" changeset="117207322" timestamp="2022-02-09T15:12:29Z" user="Belwal11" uid="14819380" lat="22.7140527" lon="88.3554357"/>
 <node id="9492630798" visible="true" version="1" changeset="117207322" timestamp="2022-02-09T15:12:29Z" user="Belwal11" uid="14819380" lat="22.7143806" lon="88.3553754"/>
 <node id="9492630799" visible="true" version="1" changeset="117207322" timestamp="2022-02-09T15:12:29Z" user="Belwal11" uid="14819380" lat="22.7145636" lon="88.3553217"/>
 <node id="9492630800" visible="true" version="1" changeset="117207322" timestamp="2022-02-09T15:12:29Z" user="Belwal11" uid="14819380" lat="22.7149088" lon="88.3552252"/>
 <node id="9492630801" visible="true" version="1" changeset="117207322" timestamp="2022-02-09T15:12:29Z" user="Belwal11" uid="14819380" lat="22.7158663" lon="88.3549958"/>
 <node id="9492630802" visible="true" version="1" changeset="117207322" timestamp="2022-02-09T15:12:29Z" user="Belwal11" uid="14819380" lat="22.7152193" lon="88.3550857"/>
 <node id="9492630803" visible="true" version="1" changeset="117207322" timestamp="2022-02-09T15:12:29Z" user="Belwal11" uid="14819380" lat="22.7154519" lon="88.3549932"/>
 <node id="9492630804" visible="true" version="1" changeset="117207322" timestamp="2022-02-09T15:12:29Z" user="Belwal11" uid="14819380" lat="22.7155471" lon="88.3549798"/>
 <node id="9492630805" visible="true" version="1" changeset="117207322" timestamp="2022-02-09T15:12:29Z" user="Belwal11" uid="14819380" lat="22.7156585" lon="88.3549838"/>
 <node id="9492630806" visible="true" version="2" changeset="145823891" timestamp="2024-01-03T05:55:07Z" user="madhumhari" uid="19574776" lat="22.7165297" lon="88.3550153"/>
 <node id="9492630808" visible="true" version="1" changeset="117207322" timestamp="2022-02-09T15:12:29Z" user="Belwal11" uid="14819380" lat="22.7170428" lon="88.3549958"/>
 <node id="9492630809" visible="true" version="1" changeset="117207322" timestamp="2022-02-09T15:12:29Z" user="Belwal11" uid="14819380" lat="22.7172939" lon="88.3549462"/>
 <node id="9492630810" visible="true" version="1" changeset="117207322" timestamp="2022-02-09T15:12:29Z" user="Belwal11" uid="14819380" lat="22.7178060" lon="88.3548094"/>
 <node id="9492630811" visible="true" version="1" changeset="117207322" timestamp="2022-02-09T15:12:29Z" user="Belwal11" uid="14819380" lat="22.7179829" lon="88.3547665"/>
 <node id="9492630812" visible="true" version="1" changeset="117207322" timestamp="2022-02-09T15:12:29Z" user="Belwal11" uid="14819380" lat="22.7181796" lon="88.3547276"/>
 <node id="9492630813" visible="true" version="1" changeset="117207322" timestamp="2022-02-09T15:12:29Z" user="Belwal11" uid="14819380" lat="22.7183664" lon="88.3546968"/>
 <node id="9492630814" visible="true" version="1" changeset="117207322" timestamp="2022-02-09T15:12:29Z" user="Belwal11" uid="14819380" lat="22.7193598" lon="88.3545922"/>
 <node id="9492630815" visible="true" version="1" changeset="117207322" timestamp="2022-02-09T15:12:29Z" user="Belwal11" uid="14819380" lat="22.7192200" lon="88.3546150"/>
 <node id="9492630816" visible="true" version="1" changeset="117207322" timestamp="2022-02-09T15:12:29Z" user="Belwal11" uid="14819380" lat="22.7197024" lon="88.3545211"/>
 <node id="9492641117" visible="true" version="1" changeset="117207322" timestamp="2022-02-09T15:12:29Z" user="Belwal11" uid="14819380" lat="22.7203036" lon="88.3543776"/>
 <node id="9492641118" visible="true" version="1" changeset="117207322" timestamp="2022-02-09T15:12:29Z" user="Belwal11" uid="14819380" lat="22.7205980" lon="88.3543494"/>
 <node id="9492641119" visible="true" version="1" changeset="117207322" timestamp="2022-02-09T15:12:29Z" user="Belwal11" uid="14819380" lat="22.7209085" lon="88.3543736"/>
 <node id="9492641120" visible="true" version="1" changeset="117207322" timestamp="2022-02-09T15:12:29Z" user="Belwal11" uid="14819380" lat="22.7214046" lon="88.3544688"/>
 <node id="9492641121" visible="true" version="1" changeset="117207322" timestamp="2022-02-09T15:12:29Z" user="Belwal11" uid="14819380" lat="22.7210644" lon="88.3543950"/>
 <node id="9492641122" visible="true" version="1" changeset="117207322" timestamp="2022-02-09T15:12:29Z" user="Belwal11" uid="14819380" lat="22.7214998" lon="88.3544782"/>
 <node id="9492641123" visible="true" version="1" changeset="117207322" timestamp="2022-02-09T15:12:29Z" user="Belwal11" uid="14819380" lat="22.7218301" lon="88.3544943"/>
 <node id="9492641124" visible="true" version="2" changeset="118319374" timestamp="2022-03-10T11:18:43Z" user="VLD120" uid="9124224" lat="22.7221827" lon="88.3544460"/>
 <node id="9492641125" visible="true" version="1" changeset="117207322" timestamp="2022-02-09T15:12:29Z" user="Belwal11" uid="14819380" lat="22.7226082" lon="88.3542784"/>
 <node id="9492641126" visible="true" version="1" changeset="117207322" timestamp="2022-02-09T15:12:29Z" user="Belwal11" uid="14819380" lat="22.7235508" lon="88.3537285"/>
 <node id="9492641127" visible="true" version="1" changeset="117207322" timestamp="2022-02-09T15:12:29Z" user="Belwal11" uid="14819380" lat="22.7234259" lon="88.3538264"/>
 <node id="9492641128" visible="true" version="1" changeset="117207322" timestamp="2022-02-09T15:12:29Z" user="Belwal11" uid="14819380" lat="22.7242373" lon="88.3531089"/>
 <node id="9492641129" visible="true" version="1" changeset="117207322" timestamp="2022-02-09T15:12:29Z" user="Belwal11" uid="14819380" lat="22.7243573" lon="88.3530231"/>
 <node id="9492641130" visible="true" version="1" changeset="117207322" timestamp="2022-02-09T15:12:29Z" user="Belwal11" uid="14819380" lat="22.7245713" lon="88.3529064"/>
 <node id="9492641131" visible="true" version="1" changeset="117207322" timestamp="2022-02-09T15:12:29Z" user="Belwal11" uid="14819380" lat="22.7248163" lon="88.3528300"/>
 <node id="9492641132" visible="true" version="1" changeset="117207322" timestamp="2022-02-09T15:12:29Z" user="Belwal11" uid="14819380" lat="22.7249263" lon="88.3528098"/>
 <node id="9492641133" visible="true" version="1" changeset="117207322" timestamp="2022-02-09T15:12:29Z" user="Belwal11" uid="14819380" lat="22.7297147" lon="88.3531223"/>
 <node id="9492641134" visible="true" version="1" changeset="117207322" timestamp="2022-02-09T15:12:29Z" user="Belwal11" uid="14819380" lat="22.7303604" lon="88.3533423"/>
 <node id="9492641135" visible="true" version="1" changeset="117207322" timestamp="2022-02-09T15:12:29Z" user="Belwal11" uid="14819380" lat="22.7307129" lon="88.3534335"/>
 <node id="9492641136" visible="true" version="1" changeset="117207322" timestamp="2022-02-09T15:12:29Z" user="Belwal11" uid="14819380" lat="22.7306251" lon="88.3534200"/>
 <node id="9492641137" visible="true" version="1" changeset="117207322" timestamp="2022-02-09T15:12:29Z" user="Belwal11" uid="14819380" lat="22.7310110" lon="88.3534227"/>
 <node id="9492641138" visible="true" version="1" changeset="117207322" timestamp="2022-02-09T15:12:29Z" user="Belwal11" uid="14819380" lat="22.7311433" lon="88.3533798"/>
 <node id="9492641139" visible="true" version="1" changeset="117207322" timestamp="2022-02-09T15:12:29Z" user="Belwal11" uid="14819380" lat="22.7312658" lon="88.3533342"/>
 <node id="9492641140" visible="true" version="1" changeset="117207322" timestamp="2022-02-09T15:12:29Z" user="Belwal11" uid="14819380" lat="22.7317531" lon="88.3531451"/>
 <node id="9492641141" visible="true" version="1" changeset="117207322" timestamp="2022-02-09T15:12:29Z" user="Belwal11" uid="14819380" lat="22.7323481" lon="88.3528984"/>
 <node id="9492641142" visible="true" version="1" changeset="117207322" timestamp="2022-02-09T15:12:29Z" user="Belwal11" uid="14819380" lat="22.7324866" lon="88.3528246"/>
 <node id="9492641143" visible="true" version="1" changeset="117207322" timestamp="2022-02-09T15:12:29Z" user="Belwal11" uid="14819380" lat="22.7326351" lon="88.3527401"/>
 <node id="9492641144" visible="true" version="1" changeset="117207322" timestamp="2022-02-09T15:12:29Z" user="Belwal11" uid="14819380" lat="22.7334255" lon="88.3523686"/>
 <node id="9492641145" visible="true" version="1" changeset="117207322" timestamp="2022-02-09T15:12:29Z" user="Belwal11" uid="14819380" lat="22.7341466" lon="88.3522426"/>
 <node id="9492641146" visible="true" version="1" changeset="117207322" timestamp="2022-02-09T15:12:29Z" user="Belwal11" uid="14819380" lat="22.7345127" lon="88.3521554"/>
 <node id="9492641147" visible="true" version="1" changeset="117207322" timestamp="2022-02-09T15:12:29Z" user="Belwal11" uid="14819380" lat="22.7345807" lon="88.3521071"/>
 <node id="9492641148" visible="true" version="1" changeset="117207322" timestamp="2022-02-09T15:12:29Z" user="Belwal11" uid="14819380" lat="22.7346710" lon="88.3520414"/>
 <node id="9492641149" visible="true" version="1" changeset="117207322" timestamp="2022-02-09T15:12:29Z" user="Belwal11" uid="14819380" lat="22.7347960" lon="88.3519582"/>
 <node id="9492641150" visible="true" version="1" changeset="117207322" timestamp="2022-02-09T15:12:29Z" user="Belwal11" uid="14819380" lat="22.7350322" lon="88.3518282"/>
 <node id="9492641151" visible="true" version="1" changeset="117207322" timestamp="2022-02-09T15:12:29Z" user="Belwal11" uid="14819380" lat="22.7358523" lon="88.3514714"/>
 <node id="9492641152" visible="true" version="1" changeset="117207322" timestamp="2022-02-09T15:12:29Z" user="Belwal11" uid="14819380" lat="22.7350953" lon="88.3517946"/>
 <node id="9492641153" visible="true" version="2" changeset="146442507" timestamp="2024-01-19T12:42:39Z" user="olarumankhan" uid="19619725" lat="22.7351420" lon="88.3517613"/>
 <node id="9492641154" visible="true" version="2" changeset="146442507" timestamp="2024-01-19T12:42:39Z" user="olarumankhan" uid="19619725" lat="22.7352052" lon="88.3517267"/>
 <node id="9492641155" visible="true" version="2" changeset="146442507" timestamp="2024-01-19T12:42:39Z" user="olarumankhan" uid="19619725" lat="22.7353255" lon="88.3516673"/>
 <node id="9492641156" visible="true" version="2" changeset="146442507" timestamp="2024-01-19T12:42:39Z" user="olarumankhan" uid="19619725" lat="22.7353802" lon="88.3516404"/>
 <node id="9492641157" visible="true" version="2" changeset="146442507" timestamp="2024-01-19T12:42:39Z" user="olarumankhan" uid="19619725" lat="22.7354367" lon="88.3516102"/>
 <node id="9492641158" visible="true" version="2" changeset="146442507" timestamp="2024-01-19T12:42:39Z" user="olarumankhan" uid="19619725" lat="22.7355010" lon="88.3515803"/>
 <node id="9492641161" visible="true" version="2" changeset="146442507" timestamp="2024-01-19T12:42:39Z" user="olarumankhan" uid="19619725" lat="22.7355711" lon="88.3515481"/>
 <node id="9492641162" visible="true" version="2" changeset="146442507" timestamp="2024-01-19T12:42:39Z" user="olarumankhan" uid="19619725" lat="22.7356288" lon="88.3515281"/>
 <node id="9492641163" visible="true" version="1" changeset="117207322" timestamp="2022-02-09T15:12:29Z" user="Belwal11" uid="14819380" lat="22.7359661" lon="88.3514379"/>
 <node id="9492641164" visible="true" version="1" changeset="117207322" timestamp="2022-02-09T15:12:29Z" user="Belwal11" uid="14819380" lat="22.7381739" lon="88.3509068"/>
 <node id="9492641165" visible="true" version="1" changeset="117207322" timestamp="2022-02-09T15:12:29Z" user="Belwal11" uid="14819380" lat="22.7386650" lon="88.3508505"/>
 <node id="9492641166" visible="true" version="1" changeset="117207322" timestamp="2022-02-09T15:12:29Z" user="Belwal11" uid="14819380" lat="22.7390434" lon="88.3508237"/>
 <node id="9492641167" visible="true" version="1" changeset="117207322" timestamp="2022-02-09T15:12:29Z" user="Belwal11" uid="14819380" lat="22.7401108" lon="88.3507231"/>
 <node id="9492641168" visible="true" version="1" changeset="117207322" timestamp="2022-02-09T15:12:29Z" user="Belwal11" uid="14819380" lat="22.7427886" lon="88.3502644"/>
 <node id="9492641169" visible="true" version="1" changeset="117207322" timestamp="2022-02-09T15:12:29Z" user="Belwal11" uid="14819380" lat="22.7423755" lon="88.3503570"/>
 <node id="9492641170" visible="true" version="1" changeset="117207322" timestamp="2022-02-09T15:12:29Z" user="Belwal11" uid="14819380" lat="22.7418758" lon="88.3504602"/>
 <node id="9492641171" visible="true" version="1" changeset="117207322" timestamp="2022-02-09T15:12:29Z" user="Belwal11" uid="14819380" lat="22.7429321" lon="88.3502282"/>
 <node id="9492641172" visible="true" version="1" changeset="117207322" timestamp="2022-02-09T15:12:29Z" user="Belwal11" uid="14819380" lat="22.7432438" lon="88.3501357"/>
 <node id="9492915195" visible="true" version="1" changeset="117212272" timestamp="2022-02-09T17:25:57Z" user="Belwal11" uid="14819380" lat="22.6940376" lon="88.3575600"/>
 <node id="9492915196" visible="true" version="1" changeset="117212272" timestamp="2022-02-09T17:25:57Z" user="Belwal11" uid="14819380" lat="22.6939448" lon="88.3574568"/>
 <node id="9492915197" visible="true" version="1" changeset="117212272" timestamp="2022-02-09T17:25:57Z" user="Belwal11" uid="14819380" lat="22.6947403" lon="88.3582641"/>
 <node id="9492915198" visible="true" version="1" changeset="117212272" timestamp="2022-02-09T17:25:57Z" user="Belwal11" uid="14819380" lat="22.6946327" lon="88.3582279"/>
 <node id="9492915199" visible="true" version="1" changeset="117212272" timestamp="2022-02-09T17:25:57Z" user="Belwal11" uid="14819380" lat="22.6944904" lon="88.3581327"/>
 <node id="9492915200" visible="true" version="1" changeset="117212272" timestamp="2022-02-09T17:25:57Z" user="Belwal11" uid="14819380" lat="22.6943939" lon="88.3580388"/>
 <node id="9492915201" visible="true" version="1" changeset="117212272" timestamp="2022-02-09T17:25:57Z" user="Belwal11" uid="14819380" lat="22.6942999" lon="88.3579181"/>
 <node id="9492915202" visible="true" version="1" changeset="117212272" timestamp="2022-02-09T17:25:57Z" user="Belwal11" uid="14819380" lat="22.6962572" lon="88.3585082"/>
 <node id="9492915203" visible="true" version="1" changeset="117212272" timestamp="2022-02-09T17:25:57Z" user="Belwal11" uid="14819380" lat="22.6967806" lon="88.3585685"/>
 <node id="9492915204" visible="true" version="1" changeset="117212272" timestamp="2022-02-09T17:25:57Z" user="Belwal11" uid="14819380" lat="22.6969451" lon="88.3585873"/>
 <node id="9492915205" visible="true" version="1" changeset="117212272" timestamp="2022-02-09T17:25:57Z" user="Belwal11" uid="14819380" lat="22.6974982" lon="88.3587214"/>
 <node id="9492915206" visible="true" version="1" changeset="117212272" timestamp="2022-02-09T17:25:57Z" user="Belwal11" uid="14819380" lat="22.6973138" lon="88.3586343"/>
 <node id="9492915207" visible="true" version="1" changeset="117212272" timestamp="2022-02-09T17:25:57Z" user="Belwal11" uid="14819380" lat="22.6978496" lon="88.3589119"/>
 <node id="9492915208" visible="true" version="1" changeset="117212272" timestamp="2022-02-09T17:25:57Z" user="Belwal11" uid="14819380" lat="22.6984954" lon="88.3592083"/>
 <node id="9492915209" visible="true" version="1" changeset="117212272" timestamp="2022-02-09T17:25:57Z" user="Belwal11" uid="14819380" lat="22.6990868" lon="88.3593960"/>
 <node id="9492915210" visible="true" version="1" changeset="117212272" timestamp="2022-02-09T17:25:57Z" user="Belwal11" uid="14819380" lat="22.6986835" lon="88.3592887"/>
 <node id="9492915211" visible="true" version="1" changeset="117212272" timestamp="2022-02-09T17:25:57Z" user="Belwal11" uid="14819380" lat="22.6988319" lon="88.3593437"/>
 <node id="9492915212" visible="true" version="1" changeset="117212272" timestamp="2022-02-09T17:25:57Z" user="Belwal11" uid="14819380" lat="22.6991623" lon="88.3594041"/>
 <node id="9492915213" visible="true" version="1" changeset="117212272" timestamp="2022-02-09T17:25:57Z" user="Belwal11" uid="14819380" lat="22.6992229" lon="88.3593987"/>
 <node id="9492915214" visible="true" version="1" changeset="117212272" timestamp="2022-02-09T17:25:57Z" user="Belwal11" uid="14819380" lat="22.6997933" lon="88.3591050"/>
 <node id="9492915215" visible="true" version="1" changeset="117212272" timestamp="2022-02-09T17:25:57Z" user="Belwal11" uid="14819380" lat="22.6994493" lon="88.3593075"/>
 <node id="9492915216" visible="true" version="1" changeset="117212272" timestamp="2022-02-09T17:25:57Z" user="Belwal11" uid="14819380" lat="22.6997079" lon="88.3591533"/>
 <node id="9492918017" visible="true" version="1" changeset="117212272" timestamp="2022-02-09T17:25:57Z" user="Belwal11" uid="14819380" lat="22.7000939" lon="88.3589602"/>
 <node id="9492918018" visible="true" version="1" changeset="117212272" timestamp="2022-02-09T17:25:57Z" user="Belwal11" uid="14819380" lat="22.7007521" lon="88.3587603"/>
 <node id="9492918019" visible="true" version="1" changeset="117212272" timestamp="2022-02-09T17:25:57Z" user="Belwal11" uid="14819380" lat="22.7003747" lon="88.3588421"/>
 <node id="9492918020" visible="true" version="1" changeset="117212272" timestamp="2022-02-09T17:25:57Z" user="Belwal11" uid="14819380" lat="22.7002473" lon="88.3588998"/>
 <node id="9492918021" visible="true" version="1" changeset="117212272" timestamp="2022-02-09T17:25:57Z" user="Belwal11" uid="14819380" lat="22.7011554" lon="88.3587402"/>
 <node id="9492918022" visible="true" version="1" changeset="117212272" timestamp="2022-02-09T17:25:57Z" user="Belwal11" uid="14819380" lat="22.7019646" lon="88.3586919"/>
 <node id="9494425701" visible="true" version="1" changeset="117228618" timestamp="2022-02-10T06:00:14Z" user="Belwal11" uid="14819380" lat="22.6554527" lon="88.3477056"/>
 <node id="9494425702" visible="true" version="1" changeset="117228618" timestamp="2022-02-10T06:00:14Z" user="Belwal11" uid="14819380" lat="22.6555839" lon="88.3477391"/>
 <node id="9494425703" visible="true" version="1" changeset="117228618" timestamp="2022-02-10T06:00:14Z" user="Belwal11" uid="14819380" lat="22.6558500" lon="88.3478303"/>
 <node id="9494425704" visible="true" version="1" changeset="117228618" timestamp="2022-02-10T06:00:14Z" user="Belwal11" uid="14819380" lat="22.6565468" lon="88.3481978"/>
 <node id="9494425705" visible="true" version="1" changeset="117228618" timestamp="2022-02-10T06:00:14Z" user="Belwal11" uid="14819380" lat="22.6575047" lon="88.3486779"/>
 <node id="9494425706" visible="true" version="1" changeset="117228618" timestamp="2022-02-10T06:00:14Z" user="Belwal11" uid="14819380" lat="22.6573091" lon="88.3485988"/>
 <node id="9494425707" visible="true" version="1" changeset="117228618" timestamp="2022-02-10T06:00:14Z" user="Belwal11" uid="14819380" lat="22.6570963" lon="88.3484942"/>
 <node id="9494425708" visible="true" version="1" changeset="117228618" timestamp="2022-02-10T06:00:14Z" user="Belwal11" uid="14819380" lat="22.6582633" lon="88.3489367"/>
 <node id="9494425709" visible="true" version="1" changeset="117228618" timestamp="2022-02-10T06:00:14Z" user="Belwal11" uid="14819380" lat="22.6589341" lon="88.3491540"/>
 <node id="9494425710" visible="true" version="1" changeset="117228618" timestamp="2022-02-10T06:00:14Z" user="Belwal11" uid="14819380" lat="22.6592014" lon="88.3492398"/>
 <node id="9494425711" visible="true" version="1" changeset="117228618" timestamp="2022-02-10T06:00:14Z" user="Belwal11" uid="14819380" lat="22.6594625" lon="88.3493337"/>
 <node id="9494425712" visible="true" version="1" changeset="117228618" timestamp="2022-02-10T06:00:14Z" user="Belwal11" uid="14819380" lat="22.6602744" lon="88.3495684"/>
 <node id="9494425713" visible="true" version="1" changeset="117228618" timestamp="2022-02-10T06:00:14Z" user="Belwal11" uid="14819380" lat="22.6599266" lon="88.3494893"/>
 <node id="9494425714" visible="true" version="1" changeset="117228618" timestamp="2022-02-10T06:00:14Z" user="Belwal11" uid="14819380" lat="22.6600875" lon="88.3495308"/>
 <node id="9494425715" visible="true" version="1" changeset="117228618" timestamp="2022-02-10T06:00:14Z" user="Belwal11" uid="14819380" lat="22.6604378" lon="88.3495912"/>
 <node id="9494425716" visible="true" version="1" changeset="117228618" timestamp="2022-02-10T06:00:14Z" user="Belwal11" uid="14819380" lat="22.6608932" lon="88.3496582"/>
 <node id="9494438317" visible="true" version="1" changeset="117228618" timestamp="2022-02-10T06:00:14Z" user="Belwal11" uid="14819380" lat="22.6611815" lon="88.3496810"/>
 <node id="9494438318" visible="true" version="1" changeset="117228618" timestamp="2022-02-10T06:00:14Z" user="Belwal11" uid="14819380" lat="22.6613437" lon="88.3496918"/>
 <node id="9494438319" visible="true" version="1" changeset="117228618" timestamp="2022-02-10T06:00:14Z" user="Belwal11" uid="14819380" lat="22.6616147" lon="88.3496663"/>
 <node id="9494438320" visible="true" version="1" changeset="117228618" timestamp="2022-02-10T06:00:14Z" user="Belwal11" uid="14819380" lat="22.6617285" lon="88.3496368"/>
 <node id="9494438321" visible="true" version="1" changeset="117228618" timestamp="2022-02-10T06:00:14Z" user="Belwal11" uid="14819380" lat="22.6621530" lon="88.3494879"/>
 <node id="9494438322" visible="true" version="1" changeset="117228618" timestamp="2022-02-10T06:00:14Z" user="Belwal11" uid="14819380" lat="22.6623003" lon="88.3494464"/>
 <node id="9494438323" visible="true" version="1" changeset="117228618" timestamp="2022-02-10T06:00:14Z" user="Belwal11" uid="14819380" lat="22.6627669" lon="88.3493900"/>
 <node id="9494438324" visible="true" version="1" changeset="117228618" timestamp="2022-02-10T06:00:14Z" user="Belwal11" uid="14819380" lat="22.6637520" lon="88.3500954"/>
 <node id="9494438325" visible="true" version="2" changeset="118305536" timestamp="2022-03-10T06:46:02Z" user="VLD106" uid="9124217" lat="22.6644120" lon="88.3503709"/>
 <node id="9494438326" visible="true" version="1" changeset="117228618" timestamp="2022-02-10T06:00:14Z" user="Belwal11" uid="14819380" lat="22.6647977" lon="88.3506654"/>
 <node id="9494438327" visible="true" version="1" changeset="117228618" timestamp="2022-02-10T06:00:14Z" user="Belwal11" uid="14819380" lat="22.6671094" lon="88.3510557"/>
 <node id="9494438328" visible="true" version="1" changeset="117228618" timestamp="2022-02-10T06:00:14Z" user="Belwal11" uid="14819380" lat="22.6672245" lon="88.3510624"/>
 <node id="9494438329" visible="true" version="1" changeset="117228618" timestamp="2022-02-10T06:00:14Z" user="Belwal11" uid="14819380" lat="22.6684298" lon="88.3511321"/>
 <node id="9494438330" visible="true" version="1" changeset="117228618" timestamp="2022-02-10T06:00:14Z" user="Belwal11" uid="14819380" lat="22.6686934" lon="88.3511549"/>
 <node id="9494438331" visible="true" version="1" changeset="117228618" timestamp="2022-02-10T06:00:14Z" user="Belwal11" uid="14819380" lat="22.6695040" lon="88.3512528"/>
 <node id="9494438332" visible="true" version="1" changeset="117228618" timestamp="2022-02-10T06:00:14Z" user="Belwal11" uid="14819380" lat="22.6696252" lon="88.3512448"/>
 <node id="9494438333" visible="true" version="1" changeset="117228618" timestamp="2022-02-10T06:00:14Z" user="Belwal11" uid="14819380" lat="22.6697242" lon="88.3512300"/>
 <node id="9494438334" visible="true" version="1" changeset="117228618" timestamp="2022-02-10T06:00:14Z" user="Belwal11" uid="14819380" lat="22.6707687" lon="88.3508062"/>
 <node id="9494438335" visible="true" version="1" changeset="117228618" timestamp="2022-02-10T06:00:14Z" user="Belwal11" uid="14819380" lat="22.6720816" lon="88.3508612"/>
 <node id="9494438336" visible="true" version="1" changeset="117228618" timestamp="2022-02-10T06:00:14Z" user="Belwal11" uid="14819380" lat="22.6730691" lon="88.3511643"/>
 <node id="9494438337" visible="true" version="1" changeset="117228618" timestamp="2022-02-10T06:00:14Z" user="Belwal11" uid="14819380" lat="22.6736668" lon="88.3513373"/>
 <node id="9494438338" visible="true" version="1" changeset="117228618" timestamp="2022-02-10T06:00:14Z" user="Belwal11" uid="14819380" lat="22.6733525" lon="88.3512381"/>
 <node id="9494438339" visible="true" version="1" changeset="117228618" timestamp="2022-02-10T06:00:14Z" user="Belwal11" uid="14819380" lat="22.6737547" lon="88.3513775"/>
 <node id="9494438340" visible="true" version="1" changeset="117228618" timestamp="2022-02-10T06:00:14Z" user="Belwal11" uid="14819380" lat="22.6740925" lon="88.3515613"/>
 <node id="9494438341" visible="true" version="1" changeset="117228618" timestamp="2022-02-10T06:00:14Z" user="Belwal11" uid="14819380" lat="22.6744464" lon="88.3517155"/>
 <node id="9494438342" visible="true" version="1" changeset="117228618" timestamp="2022-02-10T06:00:14Z" user="Belwal11" uid="14819380" lat="22.6748882" lon="88.3518483"/>
 <node id="9494438343" visible="true" version="1" changeset="117228618" timestamp="2022-02-10T06:00:14Z" user="Belwal11" uid="14819380" lat="22.6745887" lon="88.3517651"/>
 <node id="9494438344" visible="true" version="1" changeset="117228618" timestamp="2022-02-10T06:00:14Z" user="Belwal11" uid="14819380" lat="22.6755329" lon="88.3520682"/>
 <node id="9494438345" visible="true" version="1" changeset="117228618" timestamp="2022-02-10T06:00:14Z" user="Belwal11" uid="14819380" lat="22.6758979" lon="88.3522546"/>
 <node id="9494438346" visible="true" version="1" changeset="117228618" timestamp="2022-02-10T06:00:14Z" user="Belwal11" uid="14819380" lat="22.6764164" lon="88.3524290"/>
 <node id="9494438347" visible="true" version="1" changeset="117228618" timestamp="2022-02-10T06:00:14Z" user="Belwal11" uid="14819380" lat="22.6770958" lon="88.3526087"/>
 <node id="9494438348" visible="true" version="1" changeset="117228618" timestamp="2022-02-10T06:00:14Z" user="Belwal11" uid="14819380" lat="22.6773086" lon="88.3526677"/>
 <node id="9494438349" visible="true" version="1" changeset="117228618" timestamp="2022-02-10T06:00:14Z" user="Belwal11" uid="14819380" lat="22.6784149" lon="88.3529091"/>
 <node id="9494438350" visible="true" version="1" changeset="117228618" timestamp="2022-02-10T06:00:14Z" user="Belwal11" uid="14819380" lat="22.6782689" lon="88.3528903"/>
 <node id="9494438351" visible="true" version="2" changeset="128083830" timestamp="2022-10-26T13:02:27Z" user="user_10604185" uid="10604185" lat="22.6787331" lon="88.3528928"/>
 <node id="9494438352" visible="true" version="1" changeset="117228618" timestamp="2022-02-10T06:00:14Z" user="Belwal11" uid="14819380" lat="22.6791944" lon="88.3529668"/>
 <node id="9494438353" visible="true" version="1" changeset="117228618" timestamp="2022-02-10T06:00:14Z" user="Belwal11" uid="14819380" lat="22.6790311" lon="88.3529319"/>
 <node id="9494438354" visible="true" version="1" changeset="117228618" timestamp="2022-02-10T06:00:14Z" user="Belwal11" uid="14819380" lat="22.6795360" lon="88.3530660"/>
 <node id="9494438355" visible="true" version="1" changeset="117228618" timestamp="2022-02-10T06:00:14Z" user="Belwal11" uid="14819380" lat="22.6816692" lon="88.3536990"/>
 <node id="9494438356" visible="true" version="1" changeset="117228618" timestamp="2022-02-10T06:00:14Z" user="Belwal11" uid="14819380" lat="22.6820454" lon="88.3538599"/>
 <node id="9494438357" visible="true" version="1" changeset="117228618" timestamp="2022-02-10T06:00:14Z" user="Belwal11" uid="14819380" lat="22.6825292" lon="88.3540799"/>
 <node id="9494438358" visible="true" version="1" changeset="117228618" timestamp="2022-02-10T06:00:14Z" user="Belwal11" uid="14819380" lat="22.6844051" lon="88.3545801"/>
 <node id="9494438359" visible="true" version="1" changeset="117228618" timestamp="2022-02-10T06:00:14Z" user="Belwal11" uid="14819380" lat="22.6851574" lon="88.3553539"/>
 <node id="9494438360" visible="true" version="1" changeset="117228618" timestamp="2022-02-10T06:00:14Z" user="Belwal11" uid="14819380" lat="22.6848332" lon="88.3550870"/>
 <node id="9494438361" visible="true" version="1" changeset="117228618" timestamp="2022-02-10T06:00:14Z" user="Belwal11" uid="14819380" lat="22.6853999" lon="88.3555631"/>
 <node id="9494438362" visible="true" version="1" changeset="117228618" timestamp="2022-02-10T06:00:14Z" user="Belwal11" uid="14819380" lat="22.6858738" lon="88.3560178"/>
 <node id="9494438363" visible="true" version="1" changeset="117228618" timestamp="2022-02-10T06:00:14Z" user="Belwal11" uid="14819380" lat="22.6857686" lon="88.3559386"/>
 <node id="9494438364" visible="true" version="1" changeset="117228618" timestamp="2022-02-10T06:00:14Z" user="Belwal11" uid="14819380" lat="22.6865618" lon="88.3563557"/>
 <node id="9494438365" visible="true" version="1" changeset="117228618" timestamp="2022-02-10T06:00:14Z" user="Belwal11" uid="14819380" lat="22.6864393" lon="88.3563302"/>
 <node id="9494438366" visible="true" version="2" changeset="118459793" timestamp="2022-03-14T08:28:43Z" user="VLD120" uid="9124224" lat="22.6861992" lon="88.3562289"/>
 <node id="9494438367" visible="true" version="1" changeset="117228618" timestamp="2022-02-10T06:00:14Z" user="Belwal11" uid="14819380" lat="22.6861138" lon="88.3561800"/>
 <node id="9494438368" visible="true" version="1" changeset="117228618" timestamp="2022-02-10T06:00:14Z" user="Belwal11" uid="14819380" lat="22.6859740" lon="88.3560902"/>
 <node id="9494438369" visible="true" version="2" changeset="118460044" timestamp="2022-03-14T08:34:55Z" user="VLD120" uid="9124224" lat="22.6870146" lon="88.3563960"/>
 <node id="9494438370" visible="true" version="1" changeset="117228618" timestamp="2022-02-10T06:00:14Z" user="Belwal11" uid="14819380" lat="22.6873908" lon="88.3564268"/>
 <node id="9494438371" visible="true" version="1" changeset="117228618" timestamp="2022-02-10T06:00:14Z" user="Belwal11" uid="14819380" lat="22.6871186" lon="88.3564067"/>
 <node id="9494438372" visible="true" version="1" changeset="117228618" timestamp="2022-02-10T06:00:14Z" user="Belwal11" uid="14819380" lat="22.6880082" lon="88.3564657"/>
 <node id="9494438373" visible="true" version="1" changeset="117228618" timestamp="2022-02-10T06:00:14Z" user="Belwal11" uid="14819380" lat="22.6884227" lon="88.3564939"/>
 <node id="9494438374" visible="true" version="1" changeset="117228618" timestamp="2022-02-10T06:00:14Z" user="Belwal11" uid="14819380" lat="22.6892925" lon="88.3566682"/>
 <node id="9494438375" visible="true" version="1" changeset="117228618" timestamp="2022-02-10T06:00:14Z" user="Belwal11" uid="14819380" lat="22.6891552" lon="88.3566441"/>
 <node id="9494438376" visible="true" version="1" changeset="117228618" timestamp="2022-02-10T06:00:14Z" user="Belwal11" uid="14819380" lat="22.6894398" lon="88.3566897"/>
 <node id="9494438377" visible="true" version="1" changeset="117228618" timestamp="2022-02-10T06:00:14Z" user="Belwal11" uid="14819380" lat="22.6904074" lon="88.3568493"/>
 <node id="9494438378" visible="true" version="1" changeset="117228618" timestamp="2022-02-10T06:00:14Z" user="Belwal11" uid="14819380" lat="22.6907254" lon="88.3568774"/>
 <node id="9494438379" visible="true" version="1" changeset="117228618" timestamp="2022-02-10T06:00:14Z" user="Belwal11" uid="14819380" lat="22.6927817" lon="88.3569244"/>
 <node id="9494438380" visible="true" version="1" changeset="117228618" timestamp="2022-02-10T06:00:14Z" user="Belwal11" uid="14819380" lat="22.6929117" lon="88.3569445"/>
 <node id="9494438381" visible="true" version="1" changeset="117228618" timestamp="2022-02-10T06:00:14Z" user="Belwal11" uid="14819380" lat="22.6934759" lon="88.3571577"/>
 <node id="9494438382" visible="true" version="1" changeset="117228618" timestamp="2022-02-10T06:00:14Z" user="Belwal11" uid="14819380" lat="22.6937320" lon="88.3572891"/>
 <node id="9567692684" visible="true" version="1" changeset="118305536" timestamp="2022-03-10T06:46:02Z" user="VLD106" uid="9124217" lat="22.6642513" lon="88.3502534"/>
 <node id="9567692685" visible="true" version="1" changeset="118305536" timestamp="2022-03-10T06:46:02Z" user="VLD106" uid="9124217" lat="22.6643556" lon="88.3503227"/>
 <node id="9567692686" visible="true" version="1" changeset="118305536" timestamp="2022-03-10T06:46:02Z" user="VLD106" uid="9124217" lat="22.6646257" lon="88.3505560"/>
 <node id="9567692687" visible="true" version="1" changeset="118305536" timestamp="2022-03-10T06:46:02Z" user="VLD106" uid="9124217" lat="22.6646535" lon="88.3505797"/>
 <node id="9567692688" visible="true" version="1" changeset="118305536" timestamp="2022-03-10T06:46:02Z" user="VLD106" uid="9124217" lat="22.6647242" lon="88.3506296"/>
 <node id="9567692689" visible="true" version="1" changeset="118305536" timestamp="2022-03-10T06:46:02Z" user="VLD106" uid="9124217" lat="22.6647575" lon="88.3506475"/>
 <node id="9567692690" visible="true" version="1" changeset="118305536" timestamp="2022-03-10T06:46:02Z" user="VLD106" uid="9124217" lat="22.6648468" lon="88.3506827"/>
 <node id="9568487539" visible="true" version="1" changeset="118318934" timestamp="2022-03-10T11:09:46Z" user="VLD120" uid="9124224" lat="22.7182029" lon="88.3547238"/>
 <node id="9568487542" visible="true" version="1" changeset="118318934" timestamp="2022-03-10T11:09:46Z" user="VLD120" uid="9124224" lat="22.7187646" lon="88.3546585"/>
 <node id="9568488709" visible="true" version="1" changeset="118319840" timestamp="2022-03-10T11:30:13Z" user="VLD120" uid="9124224" lat="22.7174143" lon="88.3549146"/>
 <node id="9568521519" visible="true" version="1" changeset="118319840" timestamp="2022-03-10T11:30:13Z" user="VLD120" uid="9124224" lat="22.7157240" lon="88.3549876"/>
 <node id="9568521529" visible="true" version="1" changeset="118319840" timestamp="2022-03-10T11:30:13Z" user="VLD120" uid="9124224" lat="22.7176624" lon="88.3548486"/>
 <node id="9570168792" visible="true" version="2" changeset="118456191" timestamp="2022-03-14T06:49:23Z" user="VLD120" uid="9124224" lat="22.7215376" lon="88.3544810"/>
 <node id="9570192848" visible="true" version="2" changeset="118359553" timestamp="2022-03-11T11:21:08Z" user="VLD120" uid="9124224" lat="22.7159373" lon="88.3549994"/>
 <node id="9570192889" visible="true" version="1" changeset="118349924" timestamp="2022-03-11T06:58:20Z" user="VLD120" uid="9124224" lat="22.7182665" lon="88.3547133"/>
 <node id="9570487592" visible="true" version="1" changeset="118355996" timestamp="2022-03-11T10:01:26Z" user="VLD106" uid="9124217" lat="22.6842798" lon="88.3544736"/>
 <node id="9576771638" visible="true" version="1" changeset="118451371" timestamp="2022-03-14T02:45:11Z" user="VLD256" uid="10979439" lat="22.6570321" lon="88.3494095"/>
 <node id="9576771639" visible="true" version="1" changeset="118451371" timestamp="2022-03-14T02:45:11Z" user="VLD256" uid="10979439" lat="22.6564607" lon="88.3491533"/>
 <node id="9576771640" visible="true" version="1" changeset="118451371" timestamp="2022-03-14T02:45:11Z" user="VLD256" uid="10979439" lat="22.6564533" lon="88.3491225"/>
 <node id="9576771641" visible="true" version="1" changeset="118451371" timestamp="2022-03-14T02:45:11Z" user="VLD256" uid="10979439" lat="22.6575140" lon="88.3495550"/>
 <node id="9576771642" visible="true" version="1" changeset="118451371" timestamp="2022-03-14T02:45:11Z" user="VLD256" uid="10979439" lat="22.6585925" lon="88.3495402"/>
 <node id="9576771643" visible="true" version="1" changeset="118451371" timestamp="2022-03-14T02:45:11Z" user="VLD256" uid="10979439" lat="22.6583797" lon="88.3494879"/>
 <node id="9576771645" visible="true" version="1" changeset="118451371" timestamp="2022-03-14T02:45:11Z" user="VLD256" uid="10979439" lat="22.6590702" lon="88.3497380"/>
 <node id="9576771646" visible="true" version="1" changeset="118451371" timestamp="2022-03-14T02:45:11Z" user="VLD256" uid="10979439" lat="22.6589712" lon="88.3497220"/>
 <node id="9577013770" visible="true" version="1" changeset="118455093" timestamp="2022-03-14T06:09:37Z" user="VLD120" uid="9124224" lat="22.7172311" lon="88.3549608"/>
 <node id="9577013772" visible="true" version="1" changeset="118455093" timestamp="2022-03-14T06:09:37Z" user="VLD120" uid="9124224" lat="22.7169844" lon="88.3550016"/>
 <node id="9577013783" visible="true" version="1" changeset="118455093" timestamp="2022-03-14T06:09:37Z" user="VLD120" uid="9124224" lat="22.7117113" lon="88.3566769"/>
 <node id="9577014861" visible="true" version="1" changeset="118455292" timestamp="2022-03-14T06:17:15Z" user="VLD120" uid="9124224" lat="22.7242075" lon="88.3531342"/>
 <node id="9577047979" visible="true" version="1" changeset="118455926" timestamp="2022-03-14T06:40:30Z" user="VLD256" uid="10979439" lat="22.6563747" lon="88.3497696"/>
 <node id="9577047980" visible="true" version="1" changeset="118455926" timestamp="2022-03-14T06:40:30Z" user="VLD256" uid="10979439" lat="22.6564996" lon="88.3491838"/>
 <node id="9577061817" visible="true" version="1" changeset="118456191" timestamp="2022-03-14T06:49:23Z" user="VLD120" uid="9124224" lat="22.7193835" lon="88.3545875"/>
 <node id="9577445484" visible="true" version="1" changeset="118463878" timestamp="2022-03-14T10:24:27Z" user="VLD120" uid="9124224" lat="22.6895134" lon="88.3566985"/>
 <node id="9577453123" visible="true" version="1" changeset="118463878" timestamp="2022-03-14T10:24:27Z" user="VLD120" uid="9124224" lat="22.6909777" lon="88.3568665"/>
 <node id="9577508374" visible="true" version="1" changeset="118467059" timestamp="2022-03-14T11:54:04Z" user="VLD106" uid="9124217" lat="22.7500072" lon="88.3448030"/>
 <node id="9577543491" visible="true" version="1" changeset="118465637" timestamp="2022-03-14T11:14:56Z" user="VLD120" uid="9124224" lat="22.6940898" lon="88.3576317"/>
 <node id="9579703849" visible="true" version="1" changeset="118492810" timestamp="2022-03-15T03:36:05Z" user="VLD120" uid="9124224" lat="22.6980435" lon="88.3590028"/>
 <node id="9579703852" visible="true" version="1" changeset="118492810" timestamp="2022-03-15T03:36:05Z" user="VLD120" uid="9124224" lat="22.6984541" lon="88.3591899"/>
 <node id="9579780371" visible="true" version="1" changeset="118493353" timestamp="2022-03-15T04:10:12Z" user="VLD120" uid="9124224" lat="22.6959498" lon="88.3584648"/>
 <node id="9579780388" visible="true" version="1" changeset="118493353" timestamp="2022-03-15T04:10:12Z" user="VLD120" uid="9124224" lat="22.6988722" lon="88.3593548"/>
 <node id="9579863020" visible="true" version="1" changeset="118495106" timestamp="2022-03-15T05:45:57Z" user="VLD120" uid="9124224" lat="22.7018389" lon="88.3586994"/>
 <node id="9579863036" visible="true" version="1" changeset="118495106" timestamp="2022-03-15T05:45:57Z" user="VLD120" uid="9124224" lat="22.7012134" lon="88.3587367"/>
 <node id="9579863043" visible="true" version="1" changeset="118495106" timestamp="2022-03-15T05:45:57Z" user="VLD120" uid="9124224" lat="22.7016815" lon="88.3587088"/>
 <node id="9579863045" visible="true" version="1" changeset="118495106" timestamp="2022-03-15T05:45:57Z" user="VLD120" uid="9124224" lat="22.7017293" lon="88.3587059"/>
 <node id="9579863047" visible="true" version="1" changeset="118495106" timestamp="2022-03-15T05:45:57Z" user="VLD120" uid="9124224" lat="22.7014848" lon="88.3587205"/>
 <node id="9579863053" visible="true" version="1" changeset="118495106" timestamp="2022-03-15T05:45:57Z" user="VLD120" uid="9124224" lat="22.7046188" lon="88.3581912"/>
 <node id="9579881118" visible="true" version="1" changeset="118495601" timestamp="2022-03-15T06:03:14Z" user="VLD120" uid="9124224" lat="22.6926617" lon="88.3569102"/>
 <node id="9580426982" visible="true" version="1" changeset="118508733" timestamp="2022-03-15T12:02:08Z" user="VLD106" uid="9124217" lat="22.7476178" lon="88.3486910"/>
 <node id="9580426996" visible="true" version="1" changeset="118508733" timestamp="2022-03-15T12:02:08Z" user="VLD106" uid="9124217" lat="22.7478206" lon="88.3486216"/>
 <node id="9580427009" visible="true" version="1" changeset="118508733" timestamp="2022-03-15T12:02:08Z" user="VLD106" uid="9124217" lat="22.7491460" lon="88.3475125"/>
 <node id="9580427015" visible="true" version="1" changeset="118508733" timestamp="2022-03-15T12:02:08Z" user="VLD106" uid="9124217" lat="22.7480430" lon="88.3485376"/>
 <node id="9580588528" visible="true" version="1" changeset="118510857" timestamp="2022-03-15T13:02:03Z" user="VLD106" uid="9124217" lat="22.7468905" lon="88.3489631"/>
 <node id="9581952969" visible="true" version="1" changeset="118533009" timestamp="2022-03-16T03:26:28Z" user="VLD111" uid="9124199" lat="22.7270601" lon="88.3529004"/>
 <node id="9581952985" visible="true" version="1" changeset="118533009" timestamp="2022-03-16T03:26:28Z" user="VLD111" uid="9124199" lat="22.7264984" lon="88.3528708"/>
 <node id="9581994770" visible="true" version="1" changeset="118533595" timestamp="2022-03-16T04:05:06Z" user="VLD111" uid="9124199" lat="22.7326894" lon="88.3527102"/>
 <node id="9582011833" visible="true" version="1" changeset="118533372" timestamp="2022-03-16T03:52:05Z" user="VLD111" uid="9124199" lat="22.7297545" lon="88.3531363"/>
 <node id="9582011851" visible="true" version="1" changeset="118533372" timestamp="2022-03-16T03:52:05Z" user="VLD111" uid="9124199" lat="22.7301683" lon="88.3532805"/>
 <node id="9582011852" visible="true" version="1" changeset="118533372" timestamp="2022-03-16T03:52:05Z" user="VLD111" uid="9124199" lat="22.7284233" lon="88.3529684"/>
 <node id="9587507474" visible="true" version="1" changeset="118626732" timestamp="2022-03-18T10:27:35Z" user="user_10604185" uid="10604185" lat="22.7356754" lon="88.3515103"/>
 <node id="9589020075" visible="true" version="1" changeset="118653969" timestamp="2022-03-19T04:47:24Z" user="Belwal11" uid="14819380" lat="22.7451303" lon="88.3496171"/>
 <node id="9589089018" visible="true" version="1" changeset="118653969" timestamp="2022-03-19T04:47:24Z" user="Belwal11" uid="14819380" lat="22.7460594" lon="88.3493303"/>
 <node id="9593181092" visible="true" version="1" changeset="118716612" timestamp="2022-03-21T03:36:00Z" user="VLD111" uid="9124199" lat="22.7312344" lon="88.3533459"/>
 <node id="9593281561" visible="true" version="1" changeset="118716767" timestamp="2022-03-21T03:46:41Z" user="VLD111" uid="9124199" lat="22.7456140" lon="88.3494863"/>
 <node id="9593292000" visible="true" version="1" changeset="118716970" timestamp="2022-03-21T03:58:49Z" user="VLD111" uid="9124199" lat="22.7439783" lon="88.3499205"/>
 <node id="9593292013" visible="true" version="1" changeset="118716970" timestamp="2022-03-21T03:58:49Z" user="VLD111" uid="9124199" lat="22.7442839" lon="88.3498351"/>
 <node id="9593294044" visible="true" version="1" changeset="118716970" timestamp="2022-03-21T03:58:49Z" user="VLD111" uid="9124199" lat="22.7453781" lon="88.3495520"/>
 <node id="9593358124" visible="true" version="1" changeset="118717887" timestamp="2022-03-21T04:53:52Z" user="VLD111" uid="9124199" lat="22.7417411" lon="88.3504869"/>
 <node id="9593358137" visible="true" version="1" changeset="118717887" timestamp="2022-03-21T04:53:52Z" user="VLD111" uid="9124199" lat="22.7405624" lon="88.3506729"/>
 <node id="9593358153" visible="true" version="1" changeset="118717887" timestamp="2022-03-21T04:53:52Z" user="VLD111" uid="9124199" lat="22.7427667" lon="88.3502698"/>
 <node id="9593358162" visible="true" version="1" changeset="118717887" timestamp="2022-03-21T04:53:52Z" user="VLD111" uid="9124199" lat="22.7424549" lon="88.3503406"/>
 <node id="9593379636" visible="true" version="1" changeset="118718031" timestamp="2022-03-21T05:03:15Z" user="VLD111" uid="9124199" lat="22.7381268" lon="88.3509141"/>
 <node id="9593379647" visible="true" version="1" changeset="118718031" timestamp="2022-03-21T05:03:15Z" user="VLD111" uid="9124199" lat="22.7388521" lon="88.3508372"/>
 <node id="9593379654" visible="true" version="1" changeset="118718031" timestamp="2022-03-21T05:03:15Z" user="VLD111" uid="9124199" lat="22.7383326" lon="88.3508841"/>
 <node id="9593391912" visible="true" version="1" changeset="118718366" timestamp="2022-03-21T05:21:53Z" user="VLD111" uid="9124199" lat="22.7373608" lon="88.3510775"/>
 <node id="9593399653" visible="true" version="1" changeset="118718366" timestamp="2022-03-21T05:21:53Z" user="VLD111" uid="9124199" lat="22.7385279" lon="88.3508634"/>
 <node id="9593399658" visible="true" version="1" changeset="118718366" timestamp="2022-03-21T05:21:53Z" user="VLD111" uid="9124199" lat="22.7387768" lon="88.3508426"/>
 <node id="9593399709" visible="true" version="1" changeset="118718366" timestamp="2022-03-21T05:21:53Z" user="VLD111" uid="9124199" lat="22.7372187" lon="88.3511112"/>
 <node id="9593401874" visible="true" version="1" changeset="118718583" timestamp="2022-03-21T05:31:18Z" user="VLD111" uid="9124199" lat="22.7359362" lon="88.3514467"/>
 <node id="9593401890" visible="true" version="1" changeset="118718583" timestamp="2022-03-21T05:31:18Z" user="VLD111" uid="9124199" lat="22.7365333" lon="88.3512842"/>
 <node id="9593401901" visible="true" version="1" changeset="118718583" timestamp="2022-03-21T05:31:18Z" user="VLD111" uid="9124199" lat="22.7363660" lon="88.3513282"/>
 <node id="9593463889" visible="true" version="1" changeset="118719135" timestamp="2022-03-21T05:52:02Z" user="VLD111" uid="9124199" lat="22.7350000" lon="88.3518436"/>
 <node id="9593463937" visible="true" version="1" changeset="118719135" timestamp="2022-03-21T05:52:02Z" user="VLD111" uid="9124199" lat="22.7361623" lon="88.3513840"/>
 <node id="9593463940" visible="true" version="1" changeset="118719135" timestamp="2022-03-21T05:52:02Z" user="VLD111" uid="9124199" lat="22.7322196" lon="88.3529558"/>
 <node id="9593463941" visible="true" version="1" changeset="118719135" timestamp="2022-03-21T05:52:02Z" user="VLD111" uid="9124199" lat="22.7321935" lon="88.3529675"/>
 <node id="9593484657" visible="true" version="1" changeset="118719569" timestamp="2022-03-21T06:09:36Z" user="VLD111" uid="9124199" lat="22.7316792" lon="88.3531739"/>
 <node id="9593484683" visible="true" version="1" changeset="118719569" timestamp="2022-03-21T06:09:36Z" user="VLD111" uid="9124199" lat="22.7337444" lon="88.3523040"/>
 <node id="9593484691" visible="true" version="1" changeset="118719569" timestamp="2022-03-21T06:09:36Z" user="VLD111" uid="9124199" lat="22.7325949" lon="88.3527630"/>
 <node id="9596729585" visible="true" version="1" changeset="118766836" timestamp="2022-03-22T08:06:42Z" user="Belwal11" uid="14819380" lat="22.6572373" lon="88.3477763"/>
 <node id="9596729586" visible="true" version="1" changeset="118766836" timestamp="2022-03-22T08:06:42Z" user="Belwal11" uid="14819380" lat="22.6572757" lon="88.3479913"/>
 <node id="9596729587" visible="true" version="1" changeset="118766836" timestamp="2022-03-22T08:06:42Z" user="Belwal11" uid="14819380" lat="22.6572732" lon="88.3478960"/>
 <node id="9596729588" visible="true" version="1" changeset="118766836" timestamp="2022-03-22T08:06:42Z" user="Belwal11" uid="14819380" lat="22.6572200" lon="88.3482313"/>
 <node id="9596729589" visible="true" version="1" changeset="118766836" timestamp="2022-03-22T08:06:42Z" user="Belwal11" uid="14819380" lat="22.6572572" lon="88.3480784"/>
 <node id="9596729590" visible="true" version="1" changeset="118766836" timestamp="2022-03-22T08:06:42Z" user="Belwal11" uid="14819380" lat="22.6572794" lon="88.3479282"/>
 <node id="9596729591" visible="true" version="1" changeset="118766836" timestamp="2022-03-22T08:06:42Z" user="Belwal11" uid="14819380" lat="22.6572287" lon="88.3476412"/>
 <node id="9596729592" visible="true" version="1" changeset="118766836" timestamp="2022-03-22T08:06:42Z" user="Belwal11" uid="14819380" lat="22.6572126" lon="88.3476131"/>
 <node id="9596729593" visible="true" version="1" changeset="118766836" timestamp="2022-03-22T08:06:42Z" user="Belwal11" uid="14819380" lat="22.6571841" lon="88.3475983"/>
 <node id="9596729594" visible="true" version="1" changeset="118766836" timestamp="2022-03-22T08:06:42Z" user="Belwal11" uid="14819380" lat="22.6572423" lon="88.3478545"/>
 <node id="9596729595" visible="true" version="1" changeset="118766836" timestamp="2022-03-22T08:06:42Z" user="Belwal11" uid="14819380" lat="22.6571755" lon="88.3478960"/>
 <node id="9596729596" visible="true" version="1" changeset="118766836" timestamp="2022-03-22T08:06:42Z" user="Belwal11" uid="14819380" lat="22.6571185" lon="88.3479121"/>
 <node id="9596729597" visible="true" version="1" changeset="118766836" timestamp="2022-03-22T08:06:42Z" user="Belwal11" uid="14819380" lat="22.6570319" lon="88.3479094"/>
 <node id="9596729598" visible="true" version="1" changeset="118766836" timestamp="2022-03-22T08:06:42Z" user="Belwal11" uid="14819380" lat="22.6568870" lon="88.3478750"/>
 <node id="9596729599" visible="true" version="1" changeset="118766836" timestamp="2022-03-22T08:06:42Z" user="Belwal11" uid="14819380" lat="22.6569186" lon="88.3476436"/>
 <node id="9596729600" visible="true" version="1" changeset="118766836" timestamp="2022-03-22T08:06:42Z" user="Belwal11" uid="14819380" lat="22.6565870" lon="88.3471891"/>
 <node id="9596729601" visible="true" version="1" changeset="118766836" timestamp="2022-03-22T08:06:42Z" user="Belwal11" uid="14819380" lat="22.6579787" lon="88.3476989"/>
 <node id="9596729602" visible="true" version="1" changeset="118766836" timestamp="2022-03-22T08:06:42Z" user="Belwal11" uid="14819380" lat="22.6578042" lon="88.3476412"/>
 <node id="9596729603" visible="true" version="1" changeset="118766836" timestamp="2022-03-22T08:06:42Z" user="Belwal11" uid="14819380" lat="22.6577076" lon="88.3475956"/>
 <node id="9596729604" visible="true" version="1" changeset="118766836" timestamp="2022-03-22T08:06:42Z" user="Belwal11" uid="14819380" lat="22.6576383" lon="88.3475178"/>
 <node id="9596729605" visible="true" version="1" changeset="118766836" timestamp="2022-03-22T08:06:42Z" user="Belwal11" uid="14819380" lat="22.6575913" lon="88.3474776"/>
 <node id="9596729606" visible="true" version="1" changeset="118766836" timestamp="2022-03-22T08:06:42Z" user="Belwal11" uid="14819380" lat="22.6575121" lon="88.3474481"/>
 <node id="9596729607" visible="true" version="1" changeset="118766836" timestamp="2022-03-22T08:06:42Z" user="Belwal11" uid="14819380" lat="22.6574180" lon="88.3474240"/>
 <node id="9596729608" visible="true" version="1" changeset="118766836" timestamp="2022-03-22T08:06:42Z" user="Belwal11" uid="14819380" lat="22.6571606" lon="88.3473837"/>
 <node id="9596729609" visible="true" version="1" changeset="118766836" timestamp="2022-03-22T08:06:42Z" user="Belwal11" uid="14819380" lat="22.6570715" lon="88.3473529"/>
 <node id="9596729610" visible="true" version="1" changeset="118766836" timestamp="2022-03-22T08:06:42Z" user="Belwal11" uid="14819380" lat="22.6570270" lon="88.3474092"/>
 <node id="9596729611" visible="true" version="1" changeset="118766836" timestamp="2022-03-22T08:06:42Z" user="Belwal11" uid="14819380" lat="22.6569601" lon="88.3475299"/>
 <node id="9596729612" visible="true" version="1" changeset="118766836" timestamp="2022-03-22T08:06:42Z" user="Belwal11" uid="14819380" lat="22.6569354" lon="88.3475769"/>
 <node id="9596729613" visible="true" version="1" changeset="118766836" timestamp="2022-03-22T08:06:42Z" user="Belwal11" uid="14819380" lat="22.6569057" lon="88.3476949"/>
 <node id="9596729614" visible="true" version="1" changeset="118766836" timestamp="2022-03-22T08:06:42Z" user="Belwal11" uid="14819380" lat="22.6568735" lon="88.3480060"/>
 <node id="9596729615" visible="true" version="1" changeset="118766836" timestamp="2022-03-22T08:06:42Z" user="Belwal11" uid="14819380" lat="22.6568438" lon="88.3481777"/>
 <node id="9596729616" visible="true" version="1" changeset="118766836" timestamp="2022-03-22T08:06:42Z" user="Belwal11" uid="14819380" lat="22.6573166" lon="88.3471718"/>
 <node id="9596765017" visible="true" version="1" changeset="118766836" timestamp="2022-03-22T08:06:42Z" user="Belwal11" uid="14819380" lat="22.6573141" lon="88.3469345"/>
 <node id="9596765018" visible="true" version="1" changeset="118766836" timestamp="2022-03-22T08:06:42Z" user="Belwal11" uid="14819380" lat="22.6567321" lon="88.3467115"/>
 <node id="9596765021" visible="true" version="1" changeset="118766836" timestamp="2022-03-22T08:06:42Z" user="Belwal11" uid="14819380" lat="22.6576130" lon="88.3466192"/>
 <node id="9596765022" visible="true" version="1" changeset="118766836" timestamp="2022-03-22T08:06:42Z" user="Belwal11" uid="14819380" lat="22.6575703" lon="88.3467695"/>
 <node id="9596765057" visible="true" version="1" changeset="118766836" timestamp="2022-03-22T08:06:42Z" user="Belwal11" uid="14819380" lat="22.6574752" lon="88.3465589"/>
 <node id="9596765058" visible="true" version="1" changeset="118766836" timestamp="2022-03-22T08:06:42Z" user="Belwal11" uid="14819380" lat="22.6578883" lon="88.3467051"/>
 <node id="9596765059" visible="true" version="1" changeset="118766836" timestamp="2022-03-22T08:06:42Z" user="Belwal11" uid="14819380" lat="22.6576878" lon="88.3466434"/>
 <node id="9596765060" visible="true" version="1" changeset="118766836" timestamp="2022-03-22T08:06:42Z" user="Belwal11" uid="14819380" lat="22.6572968" lon="88.3464879"/>
 <node id="9596765061" visible="true" version="1" changeset="118766836" timestamp="2022-03-22T08:06:42Z" user="Belwal11" uid="14819380" lat="22.6570888" lon="88.3464181"/>
 <node id="9596765063" visible="true" version="1" changeset="118766836" timestamp="2022-03-22T08:06:42Z" user="Belwal11" uid="14819380" lat="22.6568641" lon="88.3460972"/>
 <node id="9599548026" visible="true" version="1" changeset="118817221" timestamp="2022-03-23T11:39:13Z" user="user_10604185" uid="10604185" lat="22.7500103" lon="88.3447764"/>
 <node id="9763788112" visible="true" version="1" changeset="121356217" timestamp="2022-05-23T08:52:28Z" user="Kavithaptpm" uid="12266079" lat="22.6601296" lon="88.3495393"/>
 <node id="9763792331" visible="true" version="1" changeset="121356217" timestamp="2022-05-23T08:52:28Z" user="Kavithaptpm" uid="12266079" lat="22.6563836" lon="88.3491121"/>
 <node id="9763792332" visible="true" version="1" changeset="121356217" timestamp="2022-05-23T08:52:28Z" user="Kavithaptpm" uid="12266079" lat="22.6563341" lon="88.3490102"/>
 <node id="9763792333" visible="true" version="1" changeset="121356217" timestamp="2022-05-23T08:52:28Z" user="Kavithaptpm" uid="12266079" lat="22.6561460" lon="88.3484096"/>
 <node id="10130283014" visible="true" version="2" changeset="141241820" timestamp="2023-09-14T06:51:02Z" user="nileshbarawkar" uid="16275544" lat="22.6781591" lon="88.3528656"/>
 <node id="10572801858" visible="true" version="1" changeset="131544414" timestamp="2023-01-21T15:11:30Z" user="user_10989856" uid="10989856" lat="22.7489350" lon="88.3480400"/>
 <node id="10867072486" visible="true" version="1" changeset="135694132" timestamp="2023-05-04T10:21:17Z" user="nileshdhandak" uid="16638013" lat="22.6578200" lon="88.3487902"/>
 <node id="10867072489" visible="true" version="1" changeset="135694132" timestamp="2023-05-04T10:21:17Z" user="nileshdhandak" uid="16638013" lat="22.6635230" lon="88.3499547"/>
 <node id="10878075073" visible="true" version="1" changeset="135849381" timestamp="2023-05-08T11:48:49Z" user="rajanik" uid="18812448" lat="22.7338982" lon="88.3522805"/>
 <node id="11066154461" visible="true" version="1" changeset="138967694" timestamp="2023-07-25T04:48:51Z" user="ana_t7" uid="18715492" lat="22.6566157" lon="88.3479204"/>
 <node id="11530506988" visible="true" version="1" changeset="146440931" timestamp="2024-01-19T12:04:08Z" user="olarumankhan" uid="19619725" lat="22.6998397" lon="88.3590829"/>
 <node id="11530510854" visible="true" version="1" changeset="146439994" timestamp="2024-01-19T11:38:41Z" user="olarumankhan" uid="19619725" lat="22.7149669" lon="88.3552014"/>
 <node id="12129063353" visible="true" version="1" changeset="155635336" timestamp="2024-08-23T06:22:02Z" user="subhankara" uid="19574788" lat="22.6563142" lon="88.3489468"/>
 <node id="12129063354" visible="true" version="1" changeset="155635336" timestamp="2024-08-23T06:22:02Z" user="subhankara" uid="19574788" lat="22.6560763" lon="88.3489143"/>
 <node id="12129063355" visible="true" version="1" changeset="155635336" timestamp="2024-08-23T06:22:02Z" user="subhankara" uid="19574788" lat="22.6558578" lon="88.3488835"/>
 <node id="12129063356" visible="true" version="1" changeset="155635336" timestamp="2024-08-23T06:22:02Z" user="subhankara" uid="19574788" lat="22.6558500" lon="88.3489050"/>
 <node id="12129063357" visible="true" version="1" changeset="155635336" timestamp="2024-08-23T06:22:02Z" user="subhankara" uid="19574788" lat="22.6558329" lon="88.3489869"/>
 <node id="12129063358" visible="true" version="1" changeset="155635336" timestamp="2024-08-23T06:22:02Z" user="subhankara" uid="19574788" lat="22.6557153" lon="88.3495956"/>
 <node id="12129063359" visible="true" version="1" changeset="155635336" timestamp="2024-08-23T06:22:02Z" user="subhankara" uid="19574788" lat="22.6557669" lon="88.3493285"/>
 <node id="12129297806" visible="true" version="1" changeset="155636673" timestamp="2024-08-23T07:10:19Z" user="subhankara" uid="19574788" lat="22.6696655" lon="88.3512388"/>
 <node id="13762422114" visible="true" version="1" changeset="181830249" timestamp="2026-04-26T05:13:17Z" user="Ritam Saha" uid="20056617" lat="22.6559181" lon="88.3491497"/>
 <node id="13762422115" visible="true" version="1" changeset="181830249" timestamp="2026-04-26T05:13:17Z" user="Ritam Saha" uid="20056617" lat="22.6559051" lon="88.3491460"/>
 <node id="13762422116" visible="true" version="1" changeset="181830249" timestamp="2026-04-26T05:13:17Z" user="Ritam Saha" uid="20056617" lat="22.6558982" lon="88.3491742"/>
 <node id="13762422117" visible="true" version="1" changeset="181830249" timestamp="2026-04-26T05:13:17Z" user="Ritam Saha" uid="20056617" lat="22.6559112" lon="88.3491780"/>
 <node id="13762422118" visible="true" version="1" changeset="181830249" timestamp="2026-04-26T05:13:17Z" user="Ritam Saha" uid="20056617" lat="22.6559054" lon="88.3492015"/>
 <node id="13762422119" visible="true" version="1" changeset="181830249" timestamp="2026-04-26T05:13:17Z" user="Ritam Saha" uid="20056617" lat="22.6559410" lon="88.3492268"/>
 <node id="13762422120" visible="true" version="1" changeset="181830249" timestamp="2026-04-26T05:13:17Z" user="Ritam Saha" uid="20056617" lat="22.6559226" lon="88.3493021"/>
 <node id="13762422121" visible="true" version="1" changeset="181830249" timestamp="2026-04-26T05:13:17Z" user="Ritam Saha" uid="20056617" lat="22.6558801" lon="88.3493050"/>
 <node id="13762422122" visible="true" version="1" changeset="181830249" timestamp="2026-04-26T05:13:17Z" user="Ritam Saha" uid="20056617" lat="22.6558743" lon="88.3493285"/>
 <node id="13762422123" visible="true" version="1" changeset="181830249" timestamp="2026-04-26T05:13:17Z" user="Ritam Saha" uid="20056617" lat="22.6558613" lon="88.3493248"/>
 <node id="13762422124" visible="true" version="1" changeset="181830249" timestamp="2026-04-26T05:13:17Z" user="Ritam Saha" uid="20056617" lat="22.6558544" lon="88.3493530"/>
 <node id="13762422125" visible="true" version="1" changeset="181830249" timestamp="2026-04-26T05:13:17Z" user="Ritam Saha" uid="20056617" lat="22.6558674" lon="88.3493567"/>
 <node id="13762422126" visible="true" version="1" changeset="181830249" timestamp="2026-04-26T05:13:17Z" user="Ritam Saha" uid="20056617" lat="22.6558617" lon="88.3493803"/>
 <node id="13762422127" visible="true" version="1" changeset="181830249" timestamp="2026-04-26T05:13:17Z" user="Ritam Saha" uid="20056617" lat="22.6559239" lon="88.3491262"/>
 <node id="13762422128" visible="true" version="1" changeset="181830249" timestamp="2026-04-26T05:13:17Z" user="Ritam Saha" uid="20056617" lat="22.6560353" lon="88.3494302"/>
 <node id="13762422129" visible="true" version="1" changeset="181830249" timestamp="2026-04-26T05:13:17Z" user="Ritam Saha" uid="20056617" lat="22.6560975" lon="88.3491761"/>
 <node id="13762422130" visible="true" version="1" changeset="181830249" timestamp="2026-04-26T05:13:17Z" user="Ritam Saha" uid="20056617" lat="22.6559775" lon="88.3482367"/>
 <node id="13762422131" visible="true" version="1" changeset="181830249" timestamp="2026-04-26T05:13:17Z" user="Ritam Saha" uid="20056617" lat="22.6554700" lon="88.3480784"/>
 <node id="13762422132" visible="true" version="1" changeset="181830249" timestamp="2026-04-26T05:13:17Z" user="Ritam Saha" uid="20056617" lat="22.6553710" lon="88.3485585"/>
 <node id="13762422133" visible="true" version="1" changeset="181830249" timestamp="2026-04-26T05:13:17Z" user="Ritam Saha" uid="20056617" lat="22.6558661" lon="88.3486618"/>
 <way id="52153857" visible="true" version="77" changeset="163758712" timestamp="2025-03-18T05:36:37Z" user="onnyyonn" uid="5203194">
  <nd ref="664458746"/>
  <nd ref="9599548026"/>
  <nd ref="9577508374"/>
  <nd ref="2227864666"/>
  <nd ref="9492516426"/>
  <nd ref="9492516425"/>
  <nd ref="9492516424"/>
  <nd ref="664458751"/>
  <nd ref="9492516423"/>
  <nd ref="664459093"/>
  <nd ref="9492516422"/>
  <nd ref="664459094"/>
  <nd ref="9492516421"/>
  <nd ref="9492516420"/>
  <nd ref="9580427009"/>
  <nd ref="664459095"/>
  <nd ref="9492516419"/>
  <nd ref="10572801858"/>
  <nd ref="9492516418"/>
  <nd ref="9492516417"/>
  <nd ref="664459096"/>
  <nd ref="9492497916"/>
  <nd ref="2223931322"/>
  <nd ref="9492497915"/>
  <nd ref="9580427015"/>
  <nd ref="9492497913"/>
  <nd ref="9580426996"/>
  <nd ref="9580426982"/>
  <nd ref="9492497914"/>
  <nd ref="2228251387"/>
  <nd ref="664459097"/>
  <nd ref="9580588528"/>
  <nd ref="2224699388"/>
  <nd ref="9492497912"/>
  <nd ref="2223931196"/>
  <nd ref="9492497911"/>
  <nd ref="9589089018"/>
  <nd ref="9492497910"/>
  <nd ref="9492497909"/>
  <nd ref="664459098"/>
  <nd ref="9593281561"/>
  <nd ref="9492497908"/>
  <nd ref="9593294044"/>
  <nd ref="9492497907"/>
  <nd ref="9589020075"/>
  <nd ref="9492497906"/>
  <nd ref="2228251324"/>
  <nd ref="9492497905"/>
  <nd ref="9593292013"/>
  <nd ref="2223931049"/>
  <nd ref="9593292000"/>
  <nd ref="664459099"/>
  <nd ref="2223930995"/>
  <nd ref="9492641172"/>
  <nd ref="9492641171"/>
  <nd ref="9492641168"/>
  <nd ref="9593358153"/>
  <nd ref="664459100"/>
  <nd ref="9593358162"/>
  <nd ref="9492641169"/>
  <nd ref="2228251178"/>
  <nd ref="9492641170"/>
  <nd ref="9593358124"/>
  <nd ref="1765885417"/>
  <nd ref="2223930893"/>
  <nd ref="664459101"/>
  <nd ref="2223930831"/>
  <nd ref="664459102"/>
  <nd ref="9593358137"/>
  <nd ref="2223930788"/>
  <nd ref="9492641167"/>
  <nd ref="2223930641"/>
  <nd ref="2223930631"/>
  <nd ref="9492641166"/>
  <nd ref="9593379647"/>
  <nd ref="9593399658"/>
  <nd ref="9492641165"/>
  <nd ref="9593399653"/>
  <nd ref="2223930529"/>
  <nd ref="9593379654"/>
  <nd ref="9492641164"/>
  <nd ref="9593379636"/>
  <nd ref="664459103"/>
  <nd ref="2227864314"/>
  <nd ref="9593391912"/>
  <nd ref="9593399709"/>
  <nd ref="2223930404"/>
  <nd ref="664459104"/>
  <nd ref="9593401890"/>
  <nd ref="9593401901"/>
  <nd ref="2227864258"/>
  <nd ref="9593463937"/>
  <nd ref="2223930273"/>
  <nd ref="9492641163"/>
  <nd ref="9593401874"/>
  <nd ref="9492641151"/>
  <nd ref="664459105"/>
  <nd ref="9587507474"/>
  <nd ref="9492641162"/>
  <nd ref="9492641161"/>
  <nd ref="9492641158"/>
  <nd ref="9492641157"/>
  <nd ref="9492641156"/>
  <nd ref="9492641155"/>
  <nd ref="2223930137"/>
  <nd ref="9492641154"/>
  <nd ref="9492641153"/>
  <nd ref="9492641152"/>
  <nd ref="9492641150"/>
  <nd ref="9593463889"/>
  <nd ref="664459106"/>
  <nd ref="9492641149"/>
  <nd ref="9492641148"/>
  <nd ref="9492641147"/>
  <nd ref="9492641146"/>
  <nd ref="664459107"/>
  <nd ref="664459108"/>
  <nd ref="9492641145"/>
  <nd ref="10878075073"/>
  <nd ref="9593484683"/>
  <nd ref="664459109"/>
  <nd ref="2223929919"/>
  <nd ref="9492641144"/>
  <nd ref="2227864116"/>
  <nd ref="664459110"/>
  <nd ref="2228250857"/>
  <nd ref="9581994770"/>
  <nd ref="9492641143"/>
  <nd ref="9593484691"/>
  <nd ref="9492641142"/>
  <nd ref="9492641141"/>
  <nd ref="9593463940"/>
  <nd ref="9593463941"/>
  <nd ref="664459111"/>
  <nd ref="9492641140"/>
  <nd ref="9593484657"/>
  <nd ref="664459112"/>
  <nd ref="9492641139"/>
  <nd ref="9593181092"/>
  <nd ref="9492641138"/>
  <nd ref="9492641137"/>
  <nd ref="664459113"/>
  <nd ref="2223929749"/>
  <nd ref="9492641135"/>
  <nd ref="9492641136"/>
  <nd ref="664459284"/>
  <nd ref="9492641134"/>
  <nd ref="9582011851"/>
  <nd ref="2223929731"/>
  <nd ref="9582011833"/>
  <nd ref="9492641133"/>
  <nd ref="664459285"/>
  <nd ref="2228250761"/>
  <nd ref="2228250753"/>
  <nd ref="664459286"/>
  <nd ref="2227863821"/>
  <nd ref="2227863787"/>
  <nd ref="9582011852"/>
  <nd ref="664459287"/>
  <nd ref="2227863736"/>
  <nd ref="2224698954"/>
  <nd ref="9581952969"/>
  <nd ref="2227863704"/>
  <nd ref="9581952985"/>
  <nd ref="2227863620"/>
  <nd ref="664459288"/>
  <nd ref="2227863578"/>
  <nd ref="2228250701"/>
  <nd ref="2223929692"/>
  <nd ref="1765885271"/>
  <nd ref="664459289"/>
  <nd ref="9492641132"/>
  <nd ref="9492641131"/>
  <nd ref="664459290"/>
  <nd ref="9492641130"/>
  <nd ref="664459291"/>
  <nd ref="9492641129"/>
  <nd ref="9492641128"/>
  <nd ref="9577014861"/>
  <nd ref="664459293"/>
  <nd ref="2227863488"/>
  <nd ref="4467152891"/>
  <nd ref="664459295"/>
  <nd ref="9492641126"/>
  <nd ref="9492641127"/>
  <nd ref="664459297"/>
  <nd ref="664459299"/>
  <nd ref="9492641125"/>
  <nd ref="2227863316"/>
  <nd ref="664459301"/>
  <nd ref="9492641124"/>
  <nd ref="664459306"/>
  <nd ref="9492641123"/>
  <nd ref="664459307"/>
  <nd ref="9570168792"/>
  <nd ref="9492641122"/>
  <nd ref="9492641120"/>
  <nd ref="1765885214"/>
  <nd ref="9492641121"/>
  <nd ref="9492641119"/>
  <nd ref="664459308"/>
  <nd ref="9492641118"/>
  <nd ref="2223929528"/>
  <nd ref="9492641117"/>
  <nd ref="664459309"/>
  <nd ref="2227862907"/>
  <nd ref="9492630816"/>
  <nd ref="664459310"/>
  <nd ref="9577061817"/>
  <nd ref="9492630814"/>
  <nd ref="9492630815"/>
  <nd ref="2224698426"/>
  <nd ref="664459311"/>
  <nd ref="9568487542"/>
  <nd ref="2228250663"/>
  <nd ref="9492630813"/>
  <nd ref="9570192889"/>
  <nd ref="9568487539"/>
  <nd ref="9492630812"/>
  <nd ref="9492630811"/>
  <nd ref="9492630810"/>
  <nd ref="9568521529"/>
  <nd ref="664459312"/>
  <nd ref="9568488709"/>
  <nd ref="9492630809"/>
  <nd ref="9577013770"/>
  <nd ref="664459313"/>
  <nd ref="9492630808"/>
  <nd ref="9577013772"/>
  <nd ref="2227862527"/>
  <nd ref="9492630806"/>
  <nd ref="664459314"/>
  <nd ref="9570192848"/>
  <nd ref="9492630801"/>
  <nd ref="9568521519"/>
  <nd ref="9492630805"/>
  <nd ref="9492630804"/>
  <nd ref="9492630803"/>
  <nd ref="664459315"/>
  <nd ref="9492630802"/>
  <nd ref="664459316"/>
  <nd ref="11530510854"/>
  <nd ref="9492630800"/>
  <nd ref="664459317"/>
  <nd ref="9492630799"/>
  <nd ref="9492630798"/>
  <nd ref="664459318"/>
  <nd ref="9492630797"/>
  <nd ref="9492630796"/>
  <nd ref="664459319"/>
  <nd ref="2227861918"/>
  <nd ref="664459320"/>
  <nd ref="2223929142"/>
  <nd ref="2223929126"/>
  <nd ref="664459321"/>
  <nd ref="2223929113"/>
  <nd ref="664459322"/>
  <nd ref="2223929094"/>
  <nd ref="664459323"/>
  <nd ref="9492630795"/>
  <nd ref="2227861657"/>
  <nd ref="664459324"/>
  <nd ref="664459325"/>
  <nd ref="9577013783"/>
  <nd ref="9492630794"/>
  <nd ref="664459326"/>
  <nd ref="9492630793"/>
  <nd ref="664459327"/>
  <nd ref="9492630792"/>
  <nd ref="2223929035"/>
  <nd ref="664459328"/>
  <nd ref="2227861366"/>
  <nd ref="2223929012"/>
  <nd ref="9492630791"/>
  <nd ref="9492630790"/>
  <nd ref="664459329"/>
  <nd ref="9492630789"/>
  <nd ref="9492630788"/>
  <nd ref="9492630787"/>
  <nd ref="664459330"/>
  <nd ref="9492630786"/>
  <nd ref="9492630785"/>
  <nd ref="664459331"/>
  <nd ref="2223928947"/>
  <nd ref="664459332"/>
  <nd ref="9492630784"/>
  <nd ref="2223928900"/>
  <nd ref="664459333"/>
  <nd ref="664459334"/>
  <nd ref="9492630783"/>
  <nd ref="9492630782"/>
  <nd ref="2223928850"/>
  <nd ref="9492630781"/>
  <nd ref="9492630780"/>
  <nd ref="664459335"/>
  <nd ref="9492630779"/>
  <nd ref="9492630778"/>
  <nd ref="664459336"/>
  <nd ref="9492630777"/>
  <nd ref="2223928796"/>
  <nd ref="2227860599"/>
  <nd ref="664459337"/>
  <nd ref="9492630776"/>
  <nd ref="2223928759"/>
  <nd ref="2223928746"/>
  <nd ref="664459338"/>
  <nd ref="9492630775"/>
  <nd ref="9492630774"/>
  <nd ref="664459339"/>
  <nd ref="664459340"/>
  <nd ref="2223928669"/>
  <nd ref="664459341"/>
  <nd ref="664459342"/>
  <nd ref="9579863053"/>
  <nd ref="9492630773"/>
  <nd ref="9492630772"/>
  <nd ref="664459343"/>
  <nd ref="9492630771"/>
  <nd ref="664459344"/>
  <nd ref="664459345"/>
  <nd ref="664459346"/>
  <nd ref="9492630770"/>
  <nd ref="664459347"/>
  <nd ref="9492630769"/>
  <nd ref="9492630767"/>
  <nd ref="2228095463"/>
  <nd ref="9492630768"/>
  <nd ref="9492630766"/>
  <nd ref="9492630765"/>
  <nd ref="2228095348"/>
  <nd ref="9492918022"/>
  <nd ref="9579863020"/>
  <nd ref="9579863045"/>
  <nd ref="9579863043"/>
  <nd ref="9579863047"/>
  <nd ref="9579863036"/>
  <nd ref="9492918021"/>
  <nd ref="9492918018"/>
  <nd ref="664459352"/>
  <nd ref="1765885120"/>
  <nd ref="9492918019"/>
  <nd ref="9492918020"/>
  <nd ref="9492918017"/>
  <nd ref="664459354"/>
  <nd ref="11530506988"/>
  <nd ref="9492915214"/>
  <nd ref="9492915216"/>
  <nd ref="664459355"/>
  <nd ref="9492915215"/>
  <nd ref="2228094882"/>
  <nd ref="664459356"/>
  <nd ref="9492915213"/>
  <nd ref="9492915212"/>
  <nd ref="9492915209"/>
  <nd ref="664459357"/>
  <nd ref="9579780388"/>
  <nd ref="9492915211"/>
  <nd ref="9492915210"/>
  <nd ref="9492915208"/>
  <nd ref="9579703852"/>
  <nd ref="3664095593"/>
  <nd ref="9579703849"/>
  <nd ref="9492915207"/>
  <nd ref="2230055570"/>
  <nd ref="9492915205"/>
  <nd ref="3664095537"/>
  <nd ref="9492915206"/>
  <nd ref="664459360"/>
  <nd ref="9492915204"/>
  <nd ref="9492915203"/>
  <nd ref="2228094435"/>
  <nd ref="9492915202"/>
  <nd ref="9579780371"/>
  <nd ref="2228250653"/>
  <nd ref="2228094292"/>
  <nd ref="2228250644"/>
  <nd ref="664459364"/>
  <nd ref="9492915197"/>
  <nd ref="9492915198"/>
  <nd ref="664459365"/>
  <nd ref="9492915199"/>
  <nd ref="9492915200"/>
  <nd ref="9492915201"/>
  <nd ref="664459367"/>
  <nd ref="9577543491"/>
  <nd ref="9492915195"/>
  <nd ref="9492915196"/>
  <nd ref="664459368"/>
  <nd ref="9494438382"/>
  <nd ref="664459369"/>
  <nd ref="9494438381"/>
  <nd ref="2228094084"/>
  <nd ref="2228250625"/>
  <nd ref="9494438380"/>
  <nd ref="2228094071"/>
  <nd ref="9494438379"/>
  <nd ref="9579881118"/>
  <nd ref="3664095359"/>
  <nd ref="2223928133"/>
  <nd ref="2228250599"/>
  <nd ref="2228168765"/>
  <nd ref="9577453123"/>
  <nd ref="664459372"/>
  <nd ref="9494438378"/>
  <nd ref="3664094254"/>
  <nd ref="9494438377"/>
  <nd ref="664459373"/>
  <nd ref="2228168451"/>
  <nd ref="2228250555"/>
  <nd ref="9577445484"/>
  <nd ref="9494438376"/>
  <nd ref="9494438374"/>
  <nd ref="9494438375"/>
  <nd ref="2228168196"/>
  <nd ref="2228250528"/>
  <nd ref="664459374"/>
  <nd ref="9494438373"/>
  <nd ref="2223928023"/>
  <nd ref="9494438372"/>
  <nd ref="664459375"/>
  <nd ref="9494438370"/>
  <nd ref="9494438371"/>
  <nd ref="9494438369"/>
  <nd ref="664459376"/>
  <nd ref="9494438364"/>
  <nd ref="9494438365"/>
  <nd ref="664459377"/>
  <nd ref="9494438366"/>
  <nd ref="9494438367"/>
  <nd ref="9494438368"/>
  <nd ref="9494438362"/>
  <nd ref="9494438363"/>
  <nd ref="664459378"/>
  <nd ref="664459379"/>
  <nd ref="9494438361"/>
  <nd ref="664459380"/>
  <nd ref="9494438359"/>
  <nd ref="664459381"/>
  <nd ref="9494438360"/>
  <nd ref="2246735283"/>
  <nd ref="664459382"/>
  <nd ref="9494438358"/>
  <nd ref="664459383"/>
  <nd ref="9570487592"/>
  <nd ref="9396287639"/>
  <nd ref="664459384"/>
  <nd ref="9394702867"/>
  <nd ref="9394702857"/>
  <nd ref="664459385"/>
  <nd ref="9396287625"/>
  <nd ref="664459386"/>
  <nd ref="9494438357"/>
  <nd ref="9394702855"/>
  <nd ref="2246735008"/>
  <nd ref="9494438356"/>
  <nd ref="664459387"/>
  <nd ref="9494438355"/>
  <nd ref="9394702853"/>
  <nd ref="9396287789"/>
  <nd ref="664459388"/>
  <nd ref="2246734709"/>
  <nd ref="2246734690"/>
  <nd ref="664459389"/>
  <nd ref="9494438354"/>
  <nd ref="9394702337"/>
  <nd ref="9494438352"/>
  <nd ref="9494438353"/>
  <nd ref="2247859557"/>
  <nd ref="9494438351"/>
  <nd ref="664459390"/>
  <nd ref="9494438349"/>
  <nd ref="9494438350"/>
  <nd ref="10130283014"/>
  <nd ref="9394702367"/>
  <nd ref="2246734412"/>
  <nd ref="9394702810"/>
  <nd ref="664459391"/>
  <nd ref="9494438348"/>
  <nd ref="9494438347"/>
  <nd ref="9394702805"/>
  <nd ref="664459392"/>
  <nd ref="9494438346"/>
  <nd ref="2247859464"/>
  <nd ref="9394702788"/>
  <nd ref="9494438345"/>
  <nd ref="664459393"/>
  <nd ref="9494438344"/>
  <nd ref="664459394"/>
  <nd ref="9394702787"/>
  <nd ref="2246867809"/>
  <nd ref="9494438342"/>
  <nd ref="9494438343"/>
  <nd ref="9494438341"/>
  <nd ref="9394702468"/>
  <nd ref="9394702780"/>
  <nd ref="9494438340"/>
  <nd ref="664459395"/>
  <nd ref="2246733843"/>
  <nd ref="9494438339"/>
  <nd ref="9494438337"/>
  <nd ref="664459396"/>
  <nd ref="9494438338"/>
  <nd ref="9494438336"/>
  <nd ref="2246733560"/>
  <nd ref="2246733481"/>
  <nd ref="664459397"/>
  <nd ref="9394702498"/>
  <nd ref="9494438335"/>
  <nd ref="9394702751"/>
  <nd ref="9394702530"/>
  <nd ref="664459398"/>
  <nd ref="2246733313"/>
  <nd ref="9394702731"/>
  <nd ref="664459399"/>
  <nd ref="9394702549"/>
  <nd ref="9494438334"/>
  <nd ref="2246733180"/>
  <nd ref="664459400"/>
  <nd ref="664459401"/>
  <nd ref="9394702723"/>
  <nd ref="2247859333"/>
  <nd ref="9394702718"/>
  <nd ref="664459402"/>
  <nd ref="9494438333"/>
  <nd ref="12129297806"/>
  <nd ref="9494438332"/>
  <nd ref="9494438331"/>
  <nd ref="664459403"/>
  <nd ref="9394702592"/>
  <nd ref="9394702713"/>
  <nd ref="664459404"/>
  <nd ref="9494438330"/>
  <nd ref="9394702596"/>
  <nd ref="9494438329"/>
  <nd ref="2247859276"/>
  <nd ref="664459405"/>
  <nd ref="9494438328"/>
  <nd ref="9494438327"/>
  <nd ref="9394702611"/>
  <nd ref="664459406"/>
  <nd ref="9394702630"/>
  <nd ref="9394702636"/>
  <nd ref="2246732768"/>
  <nd ref="664459407"/>
  <nd ref="3664450623"/>
  <nd ref="9567692690"/>
  <nd ref="9494438326"/>
  <nd ref="9567692689"/>
  <nd ref="9567692688"/>
  <nd ref="3668471450"/>
  <nd ref="9567692687"/>
  <nd ref="9567692686"/>
  <nd ref="664459408"/>
  <nd ref="9394702684"/>
  <nd ref="9494438325"/>
  <nd ref="9567692685"/>
  <nd ref="664459409"/>
  <nd ref="9567692684"/>
  <nd ref="664459410"/>
  <nd ref="9394702705"/>
  <nd ref="2246732684"/>
  <nd ref="9494438324"/>
  <nd ref="664459411"/>
  <nd ref="3668471197"/>
  <nd ref="10867072489"/>
  <nd ref="664459412"/>
  <nd ref="3664450610"/>
  <nd ref="3668470979"/>
  <nd ref="664459414"/>
  <nd ref="3668470824"/>
  <nd ref="2246732644"/>
  <nd ref="9494438323"/>
  <nd ref="664459416"/>
  <nd ref="2246732630"/>
  <nd ref="9494438322"/>
  <nd ref="9494438321"/>
  <nd ref="3668145734"/>
  <nd ref="9494438320"/>
  <nd ref="9494438319"/>
  <nd ref="664459419"/>
  <nd ref="9494438318"/>
  <nd ref="9494438317"/>
  <nd ref="664459420"/>
  <nd ref="9494425716"/>
  <nd ref="2246732589"/>
  <nd ref="2247859003"/>
  <nd ref="9494425715"/>
  <nd ref="9494425712"/>
  <nd ref="9763788112"/>
  <nd ref="9494425714"/>
  <nd ref="9494425713"/>
  <nd ref="2246732579"/>
  <nd ref="9494425711"/>
  <nd ref="9494425710"/>
  <nd ref="9494425709"/>
  <nd ref="2246732480"/>
  <nd ref="9494425708"/>
  <nd ref="2246732442"/>
  <nd ref="10867072486"/>
  <nd ref="664459422"/>
  <nd ref="9494425705"/>
  <nd ref="9494425706"/>
  <nd ref="9494425707"/>
  <nd ref="2246732374"/>
  <nd ref="9494425704"/>
  <nd ref="2246732345"/>
  <nd ref="664459423"/>
  <nd ref="9494425703"/>
  <nd ref="664459424"/>
  <nd ref="9494425702"/>
  <nd ref="9494425701"/>
  <nd ref="664459425"/>
  <tag k="highway" v="primary"/>
  <tag k="lane_markings" v="no"/>
  <tag k="name" v="Grand Trunk Road"/>
  <tag k="name:bn" v="গ্র্যান্ড ট্রাঙ্ক রোড"/>
  <tag k="ref" v="SH6"/>
  <tag k="surface" v="asphalt"/>
 </way>
 <way id="114817639" visible="true" version="5" changeset="181830249" timestamp="2026-04-26T05:13:17Z" user="Ritam Saha" uid="20056617">
  <nd ref="1299719433"/>
  <nd ref="3664519099"/>
  <nd ref="3664519102"/>
  <nd ref="1299719435"/>
  <nd ref="3664519100"/>
  <nd ref="3664519104"/>
  <nd ref="3664519105"/>
  <nd ref="1299719433"/>
  <tag k="addr:street" v="Old G.T Road"/>
  <tag k="alt_name" v="Uttarpara Govt.School"/>
  <tag k="amenity" v="school"/>
  <tag k="int_name" v="Uttarpara Govt. High School"/>
  <tag k="name" v="Uttarpara Govt. High School"/>
  <tag k="old_name" v="Uttarpara Govt. High School"/>
  <tag k="source" v="Local Knowledge"/>
  <tag k="wikidata" v="Q7903414"/>
  <tag k="wikipedia" v="en:Uttarpara Govt. High School"/>
 </way>
 <way id="114817812" visible="true" version="10" changeset="181830249" timestamp="2026-04-26T05:13:17Z" user="Ritam Saha" uid="20056617">
  <nd ref="1299724212"/>
  <nd ref="3664519115"/>
  <nd ref="3664519110"/>
  <nd ref="3664519113"/>
  <nd ref="3664519119"/>
  <nd ref="3664519109"/>
  <nd ref="3664519108"/>
  <nd ref="3664519114"/>
  <nd ref="3664519121"/>
  <nd ref="3664519111"/>
  <nd ref="3664519116"/>
  <nd ref="3664519120"/>
  <nd ref="3664519118"/>
  <nd ref="1299724212"/>
  <tag k="addr:housenumber" v="1"/>
  <tag k="addr:postcode" v="712258"/>
  <tag k="addr:street" v="Acharya Dhruba Pal Road"/>
  <tag k="alt_name" v="Uttarpara College"/>
  <tag k="amenity" v="college"/>
  <tag k="contact:facebook" v="RPMCollege"/>
  <tag k="contact:instagram" v="rpmsmc"/>
  <tag k="contact:twitter" v="PearyRaja"/>
  <tag k="designation" v="College"/>
  <tag k="email" v="rajapearymohancollege@gmail.com"/>
  <tag k="int_name" v="Raja Payari Mohan College"/>
  <tag k="name" v="Raja Peary Mohon College"/>
  <tag k="name:bn" v="রাজা প্যারীমোহন কলেজ"/>
  <tag k="old_name" v="Raja Payari Mohan College"/>
  <tag k="phone" v="+91 3326631101"/>
  <tag k="source" v="Local Knowledge"/>
  <tag k="website" v="https://rpmcollege.edu.in/"/>
  <tag k="wheelchair" v="yes"/>
 </way>
 <way id="114817957" visible="true" version="1" changeset="8245615" timestamp="2011-05-25T15:29:29Z" user="evanroy" uid="460329">
  <nd ref="1299730257"/>
  <nd ref="1299730247"/>
  <nd ref="1299730259"/>
  <nd ref="1299730258"/>
  <nd ref="1299730257"/>
  <tag k="alt_name" v="Amar Mishtanna Bhandar"/>
  <tag k="designation" v="Sweet Shop"/>
  <tag k="int_name" v="Amar Mishtanna Bhandar"/>
  <tag k="name" v="Amar Mishtanna Bhandar"/>
  <tag k="old_name" v="Amar Mishtanna Bhandar"/>
  <tag k="tourism" v="attraction"/>
 </way>
 <way id="215268707" visible="true" version="7" changeset="118766836" timestamp="2022-03-22T08:06:42Z" user="Belwal11" uid="14819380">
  <nd ref="9596729601"/>
  <nd ref="9596729602"/>
  <nd ref="9596729603"/>
  <nd ref="9596729604"/>
  <nd ref="9596729605"/>
  <nd ref="9596729606"/>
  <nd ref="9596729607"/>
  <nd ref="9596729608"/>
  <nd ref="9596729609"/>
  <nd ref="9596729610"/>
  <nd ref="9596729611"/>
  <nd ref="9596729612"/>
  <nd ref="9596729599"/>
  <nd ref="9596729613"/>
  <nd ref="9596729598"/>
  <nd ref="9596729614"/>
  <nd ref="9596729615"/>
  <nd ref="2246732374"/>
  <nd ref="2246732366"/>
  <nd ref="3664519117"/>
  <nd ref="3664519112"/>
  <nd ref="9576771640"/>
  <nd ref="9576771639"/>
  <nd ref="2246732351"/>
  <nd ref="9577047980"/>
  <nd ref="2246732371"/>
  <nd ref="9576771638"/>
  <nd ref="2246732404"/>
  <nd ref="9576771641"/>
  <nd ref="2246732422"/>
  <nd ref="2246732433"/>
  <nd ref="2246732463"/>
  <nd ref="9576771643"/>
  <nd ref="2246732468"/>
  <nd ref="9576771642"/>
  <nd ref="2246732491"/>
  <nd ref="9576771646"/>
  <nd ref="2246732505"/>
  <nd ref="9576771645"/>
  <nd ref="2246732518"/>
  <nd ref="2246732547"/>
  <nd ref="2246732573"/>
  <nd ref="2246732579"/>
  <tag k="highway" v="residential"/>
 </way>
 <way id="215268784" visible="true" version="12" changeset="135684105" timestamp="2023-05-04T05:36:35Z" user="nileshdhandak" uid="16638013">
  <nd ref="2246732345"/>
  <nd ref="2246732347"/>
  <nd ref="2246732349"/>
  <nd ref="2246732356"/>
  <nd ref="9596729600"/>
  <nd ref="2246732360"/>
  <nd ref="9596765018"/>
  <nd ref="2246732363"/>
  <nd ref="2246732368"/>
  <nd ref="9596765063"/>
  <nd ref="2246732376"/>
  <nd ref="2246732379"/>
  <nd ref="2246732381"/>
  <nd ref="2246732384"/>
  <nd ref="2246732387"/>
  <nd ref="2246732393"/>
  <nd ref="2246732401"/>
  <nd ref="2246732409"/>
  <nd ref="2246732395"/>
  <nd ref="2246732390"/>
  <nd ref="2246732398"/>
  <nd ref="2246732407"/>
  <nd ref="2246732411"/>
  <tag k="highway" v="residential"/>
 </way>
 <way id="215268813" visible="true" version="2" changeset="32906698" timestamp="2015-07-27T10:44:38Z" user="maheshrkm" uid="2897465">
  <nd ref="2246732349"/>
  <nd ref="2246732339"/>
  <nd ref="3668470552"/>
  <nd ref="2246732333"/>
  <nd ref="2246732331"/>
  <nd ref="3668470548"/>
  <nd ref="3668470539"/>
  <nd ref="2246732327"/>
  <nd ref="2246732321"/>
  <tag k="highway" v="residential"/>
 </way>
 <way id="215268823" visible="true" version="3" changeset="118766836" timestamp="2022-03-22T08:06:42Z" user="Belwal11" uid="14819380">
  <nd ref="2246732333"/>
  <nd ref="2246732335"/>
  <nd ref="2246732337"/>
  <nd ref="3668470553"/>
  <nd ref="2246732341"/>
  <nd ref="2246732343"/>
  <nd ref="2246732353"/>
  <nd ref="2246732360"/>
  <nd ref="9596729616"/>
  <tag k="highway" v="residential"/>
 </way>
 <way id="357765580" visible="true" version="1" changeset="32329889" timestamp="2015-07-01T11:49:35Z" user="Naresh08" uid="2897134">
  <nd ref="3629024669"/>
  <nd ref="3629024668"/>
  <nd ref="3629024659"/>
  <nd ref="3629024662"/>
  <nd ref="3629024669"/>
  <tag k="building" v="yes"/>
 </way>
 <way id="357765587" visible="true" version="1" changeset="32329889" timestamp="2015-07-01T11:49:35Z" user="Naresh08" uid="2897134">
  <nd ref="3629024747"/>
  <nd ref="3629024766"/>
  <nd ref="3629024760"/>
  <nd ref="3629024738"/>
  <nd ref="3629024747"/>
  <tag k="building" v="yes"/>
 </way>
 <way id="357765598" visible="true" version="1" changeset="32329889" timestamp="2015-07-01T11:49:36Z" user="Naresh08" uid="2897134">
  <nd ref="3629024703"/>
  <nd ref="3629024695"/>
  <nd ref="3629024686"/>
  <nd ref="3629024688"/>
  <nd ref="3629024703"/>
  <tag k="building" v="yes"/>
 </way>
 <way id="357765603" visible="true" version="1" changeset="32329889" timestamp="2015-07-01T11:49:36Z" user="Naresh08" uid="2897134">
  <nd ref="3629024752"/>
  <nd ref="3629024746"/>
  <nd ref="3629024711"/>
  <nd ref="3629024718"/>
  <nd ref="3629024752"/>
  <tag k="building" v="yes"/>
 </way>
 <way id="357765607" visible="true" version="1" changeset="32329889" timestamp="2015-07-01T11:49:36Z" user="Naresh08" uid="2897134">
  <nd ref="3629024684"/>
  <nd ref="3629024682"/>
  <nd ref="3629024676"/>
  <nd ref="3629024677"/>
  <nd ref="3629024684"/>
  <tag k="building" v="yes"/>
 </way>
 <way id="357765612" visible="true" version="1" changeset="32329889" timestamp="2015-07-01T11:49:36Z" user="Naresh08" uid="2897134">
  <nd ref="3629024762"/>
  <nd ref="3629024783"/>
  <nd ref="3629024779"/>
  <nd ref="3629024755"/>
  <nd ref="3629024762"/>
  <tag k="building" v="yes"/>
 </way>
 <way id="357765618" visible="true" version="1" changeset="32329889" timestamp="2015-07-01T11:49:36Z" user="Naresh08" uid="2897134">
  <nd ref="3629024689"/>
  <nd ref="3629024702"/>
  <nd ref="3629024693"/>
  <nd ref="3629024683"/>
  <nd ref="3629024689"/>
  <tag k="building" v="yes"/>
 </way>
 <way id="357765622" visible="true" version="1" changeset="32329889" timestamp="2015-07-01T11:49:37Z" user="Naresh08" uid="2897134">
  <nd ref="3629024761"/>
  <nd ref="3629024757"/>
  <nd ref="3629024708"/>
  <nd ref="3629024712"/>
  <nd ref="3629024761"/>
  <tag k="building" v="yes"/>
 </way>
 <way id="357765624" visible="true" version="1" changeset="32329889" timestamp="2015-07-01T11:49:37Z" user="Naresh08" uid="2897134">
  <nd ref="3629024735"/>
  <nd ref="3629024704"/>
  <nd ref="3629024709"/>
  <nd ref="3629024744"/>
  <nd ref="3629024735"/>
  <tag k="building" v="yes"/>
 </way>
 <way id="357765634" visible="true" version="1" changeset="32329889" timestamp="2015-07-01T11:49:37Z" user="Naresh08" uid="2897134">
  <nd ref="3629024700"/>
  <nd ref="3629024698"/>
  <nd ref="3629024679"/>
  <nd ref="3629024680"/>
  <nd ref="3629024700"/>
  <tag k="building" v="yes"/>
 </way>
 <way id="357765636" visible="true" version="1" changeset="32329889" timestamp="2015-07-01T11:49:37Z" user="Naresh08" uid="2897134">
  <nd ref="3629024725"/>
  <nd ref="3629024749"/>
  <nd ref="3629024737"/>
  <nd ref="3629024717"/>
  <nd ref="3629024725"/>
  <tag k="building" v="yes"/>
 </way>
 <way id="357765637" visible="true" version="1" changeset="32329889" timestamp="2015-07-01T11:49:37Z" user="Naresh08" uid="2897134">
  <nd ref="3629024713"/>
  <nd ref="3629024706"/>
  <nd ref="3629024691"/>
  <nd ref="3629024696"/>
  <nd ref="3629024713"/>
  <tag k="building" v="yes"/>
 </way>
 <way id="357765643" visible="true" version="1" changeset="32329889" timestamp="2015-07-01T11:49:37Z" user="Naresh08" uid="2897134">
  <nd ref="3629024733"/>
  <nd ref="3629024742"/>
  <nd ref="3629024799"/>
  <nd ref="3629024790"/>
  <nd ref="3629024733"/>
  <tag k="building" v="yes"/>
 </way>
 <way id="357765644" visible="true" version="1" changeset="32329889" timestamp="2015-07-01T11:49:37Z" user="Naresh08" uid="2897134">
  <nd ref="3629024734"/>
  <nd ref="3629024731"/>
  <nd ref="3629024714"/>
  <nd ref="3629024720"/>
  <nd ref="3629024734"/>
  <tag k="building" v="yes"/>
 </way>
 <way id="357765651" visible="true" version="1" changeset="32329889" timestamp="2015-07-01T11:49:38Z" user="Naresh08" uid="2897134">
  <nd ref="3629024756"/>
  <nd ref="3629024769"/>
  <nd ref="3629024764"/>
  <nd ref="3629024750"/>
  <nd ref="3629024756"/>
  <tag k="building" v="yes"/>
 </way>
 <way id="357765655" visible="true" version="1" changeset="32329889" timestamp="2015-07-01T11:49:38Z" user="Naresh08" uid="2897134">
  <nd ref="3629024715"/>
  <nd ref="3629024710"/>
  <nd ref="3629024694"/>
  <nd ref="3629024699"/>
  <nd ref="3629024715"/>
  <tag k="building" v="yes"/>
 </way>
 <way id="357765656" visible="true" version="1" changeset="32329889" timestamp="2015-07-01T11:49:38Z" user="Naresh08" uid="2897134">
  <nd ref="3629024697"/>
  <nd ref="3629024692"/>
  <nd ref="3629024687"/>
  <nd ref="3629024690"/>
  <nd ref="3629024697"/>
  <tag k="building" v="yes"/>
 </way>
 <way id="357765665" visible="true" version="1" changeset="32329889" timestamp="2015-07-01T11:49:38Z" user="Naresh08" uid="2897134">
  <nd ref="3629024736"/>
  <nd ref="3629024732"/>
  <nd ref="3629024716"/>
  <nd ref="3629024723"/>
  <nd ref="3629024736"/>
  <tag k="building" v="yes"/>
 </way>
 <way id="357765670" visible="true" version="1" changeset="32329889" timestamp="2015-07-01T11:49:39Z" user="Naresh08" uid="2897134">
  <nd ref="3629024670"/>
  <nd ref="3629024667"/>
  <nd ref="3629024660"/>
  <nd ref="3629024666"/>
  <nd ref="3629024670"/>
  <tag k="building" v="yes"/>
 </way>
 <way id="357765671" visible="true" version="1" changeset="32329889" timestamp="2015-07-01T11:49:39Z" user="Naresh08" uid="2897134">
  <nd ref="3629024728"/>
  <nd ref="3629024724"/>
  <nd ref="3629024701"/>
  <nd ref="3629024705"/>
  <nd ref="3629024728"/>
  <tag k="building" v="yes"/>
 </way>
 <way id="357765681" visible="true" version="1" changeset="32329889" timestamp="2015-07-01T11:49:39Z" user="Naresh08" uid="2897134">
  <nd ref="3629024664"/>
  <nd ref="3629024661"/>
  <nd ref="3629024657"/>
  <nd ref="3629024658"/>
  <nd ref="3629024664"/>
  <tag k="building" v="yes"/>
 </way>
 <way id="357765683" visible="true" version="1" changeset="32329889" timestamp="2015-07-01T11:49:39Z" user="Naresh08" uid="2897134">
  <nd ref="3629024722"/>
  <nd ref="3629024743"/>
  <nd ref="3629024729"/>
  <nd ref="3629024707"/>
  <nd ref="3629024722"/>
  <tag k="building" v="yes"/>
 </way>
 <way id="357765685" visible="true" version="1" changeset="32329889" timestamp="2015-07-01T11:49:39Z" user="Naresh08" uid="2897134">
  <nd ref="3629024739"/>
  <nd ref="3629024730"/>
  <nd ref="3629024719"/>
  <nd ref="3629024727"/>
  <nd ref="3629024739"/>
  <tag k="building" v="yes"/>
 </way>
 <way id="357765691" visible="true" version="1" changeset="32329889" timestamp="2015-07-01T11:49:39Z" user="Naresh08" uid="2897134">
  <nd ref="3629024754"/>
  <nd ref="3629024748"/>
  <nd ref="3629024721"/>
  <nd ref="3629024726"/>
  <nd ref="3629024754"/>
  <tag k="building" v="yes"/>
 </way>
 <way id="357765693" visible="true" version="1" changeset="32329889" timestamp="2015-07-01T11:49:40Z" user="Naresh08" uid="2897134">
  <nd ref="3629024685"/>
  <nd ref="3629024681"/>
  <nd ref="3629024675"/>
  <nd ref="3629024678"/>
  <nd ref="3629024685"/>
  <tag k="building" v="yes"/>
 </way>
 <way id="357765701" visible="true" version="1" changeset="32329889" timestamp="2015-07-01T11:49:40Z" user="Naresh08" uid="2897134">
  <nd ref="3629024777"/>
  <nd ref="3629024770"/>
  <nd ref="3629024741"/>
  <nd ref="3629024751"/>
  <nd ref="3629024777"/>
  <tag k="building" v="yes"/>
 </way>
 <way id="357788720" visible="true" version="1" changeset="32330596" timestamp="2015-07-01T12:23:39Z" user="Naresh08" uid="2897134">
  <nd ref="3629142882"/>
  <nd ref="3629142881"/>
  <nd ref="3629142876"/>
  <nd ref="3629142878"/>
  <nd ref="3629142882"/>
  <tag k="building" v="yes"/>
 </way>
 <way id="357788736" visible="true" version="1" changeset="32330596" timestamp="2015-07-01T12:23:39Z" user="Naresh08" uid="2897134">
  <nd ref="3629142880"/>
  <nd ref="3629142879"/>
  <nd ref="3629142875"/>
  <nd ref="3629142877"/>
  <nd ref="3629142880"/>
  <tag k="building" v="yes"/>
 </way>
 <way id="357984279" visible="true" version="1" changeset="32346294" timestamp="2015-07-02T06:01:38Z" user="Naresh08" uid="2897134">
  <nd ref="3630466263"/>
  <nd ref="3630466261"/>
  <nd ref="3630466256"/>
  <nd ref="3630466257"/>
  <nd ref="3630466263"/>
  <tag k="building" v="yes"/>
 </way>
 <way id="357984472" visible="true" version="2" changeset="32848909" timestamp="2015-07-24T13:03:46Z" user="shashi2" uid="2891142">
  <nd ref="3630466253"/>
  <nd ref="3630466252"/>
  <nd ref="3664519097"/>
  <nd ref="3664519096"/>
  <nd ref="3630466250"/>
  <nd ref="3630466251"/>
  <nd ref="3630466253"/>
  <tag k="building" v="yes"/>
 </way>
 <way id="357984591" visible="true" version="1" changeset="32346294" timestamp="2015-07-02T06:01:50Z" user="Naresh08" uid="2897134">
  <nd ref="3630466267"/>
  <nd ref="3630466265"/>
  <nd ref="3630466258"/>
  <nd ref="3630466260"/>
  <nd ref="3630466267"/>
  <tag k="building" v="yes"/>
 </way>
 <way id="357984988" visible="true" version="1" changeset="32346294" timestamp="2015-07-02T06:01:59Z" user="Naresh08" uid="2897134">
  <nd ref="3630466278"/>
  <nd ref="3630466264"/>
  <nd ref="3630466268"/>
  <nd ref="3630466281"/>
  <nd ref="3630466278"/>
  <tag k="building" v="yes"/>
 </way>
 <way id="358033649" visible="true" version="1" changeset="32347354" timestamp="2015-07-02T07:08:25Z" user="Naresh08" uid="2897134">
  <nd ref="3630704733"/>
  <nd ref="3630704726"/>
  <nd ref="3630704577"/>
  <nd ref="3630704580"/>
  <nd ref="3630704733"/>
  <tag k="building" v="yes"/>
 </way>
 <way id="358033708" visible="true" version="1" changeset="32347354" timestamp="2015-07-02T07:08:27Z" user="Naresh08" uid="2897134">
  <nd ref="3630705415"/>
  <nd ref="3630705412"/>
  <nd ref="3630705397"/>
  <nd ref="3630705403"/>
  <nd ref="3630705415"/>
  <tag k="building" v="yes"/>
 </way>
 <way id="358033789" visible="true" version="1" changeset="32347354" timestamp="2015-07-02T07:08:30Z" user="Naresh08" uid="2897134">
  <nd ref="3630705450"/>
  <nd ref="3630705479"/>
  <nd ref="3630705475"/>
  <nd ref="3630705446"/>
  <nd ref="3630705450"/>
  <tag k="building" v="yes"/>
 </way>
 <way id="358033803" visible="true" version="1" changeset="32347354" timestamp="2015-07-02T07:08:31Z" user="Naresh08" uid="2897134">
  <nd ref="3630704546"/>
  <nd ref="3630704563"/>
  <nd ref="3630704557"/>
  <nd ref="3630704542"/>
  <nd ref="3630704546"/>
  <tag k="building" v="yes"/>
 </way>
 <way id="358033838" visible="true" version="1" changeset="32347354" timestamp="2015-07-02T07:08:32Z" user="Naresh08" uid="2897134">
  <nd ref="3630705037"/>
  <nd ref="3630705020"/>
  <nd ref="3630704870"/>
  <nd ref="3630704885"/>
  <nd ref="3630705037"/>
  <tag k="building" v="yes"/>
 </way>
 <way id="358033846" visible="true" version="1" changeset="32347354" timestamp="2015-07-02T07:08:33Z" user="Naresh08" uid="2897134">
  <nd ref="3630705049"/>
  <nd ref="3630704857"/>
  <nd ref="3630704871"/>
  <nd ref="3630705053"/>
  <nd ref="3630705049"/>
  <tag k="building" v="yes"/>
 </way>
 <way id="358033853" visible="true" version="1" changeset="32347354" timestamp="2015-07-02T07:08:33Z" user="Naresh08" uid="2897134">
  <nd ref="3630705274"/>
  <nd ref="3630705264"/>
  <nd ref="3630705202"/>
  <nd ref="3630705209"/>
  <nd ref="3630705274"/>
  <tag k="building" v="yes"/>
 </way>
 <way id="358033864" visible="true" version="1" changeset="32347354" timestamp="2015-07-02T07:08:34Z" user="Naresh08" uid="2897134">
  <nd ref="3630704553"/>
  <nd ref="3630704569"/>
  <nd ref="3630704567"/>
  <nd ref="3630704548"/>
  <nd ref="3630704553"/>
  <tag k="building" v="yes"/>
 </way>
 <way id="358033879" visible="true" version="1" changeset="32347354" timestamp="2015-07-02T07:08:34Z" user="Naresh08" uid="2897134">
  <nd ref="3630704715"/>
  <nd ref="3630704571"/>
  <nd ref="3630704575"/>
  <nd ref="3630704723"/>
  <nd ref="3630704715"/>
  <tag k="building" v="yes"/>
 </way>
 <way id="358033915" visible="true" version="1" changeset="32347354" timestamp="2015-07-02T07:08:36Z" user="Naresh08" uid="2897134">
  <nd ref="3630705048"/>
  <nd ref="3630705086"/>
  <nd ref="3630705078"/>
  <nd ref="3630705036"/>
  <nd ref="3630705048"/>
  <tag k="building" v="yes"/>
 </way>
 <way id="358033923" visible="true" version="1" changeset="32347354" timestamp="2015-07-02T07:08:36Z" user="Naresh08" uid="2897134">
  <nd ref="3630705092"/>
  <nd ref="3630705054"/>
  <nd ref="3630705063"/>
  <nd ref="3630705200"/>
  <nd ref="3630705092"/>
  <tag k="building" v="yes"/>
 </way>
 <way id="358033936" visible="true" version="1" changeset="32347354" timestamp="2015-07-02T07:08:37Z" user="Naresh08" uid="2897134">
  <nd ref="3630704560"/>
  <nd ref="3630704554"/>
  <nd ref="3630704547"/>
  <nd ref="3630704551"/>
  <nd ref="3630704560"/>
  <tag k="building" v="yes"/>
 </way>
 <way id="358033974" visible="true" version="1" changeset="32347354" timestamp="2015-07-02T07:08:39Z" user="Naresh08" uid="2897134">
  <nd ref="3630705034"/>
  <nd ref="3630704881"/>
  <nd ref="3630704889"/>
  <nd ref="3630705040"/>
  <nd ref="3630705034"/>
  <tag k="building" v="yes"/>
 </way>
 <way id="358034035" visible="true" version="1" changeset="32347354" timestamp="2015-07-02T07:08:42Z" user="Naresh08" uid="2897134">
  <nd ref="3630704795"/>
  <nd ref="3630704789"/>
  <nd ref="3630704727"/>
  <nd ref="3630704734"/>
  <nd ref="3630704795"/>
  <tag k="building" v="yes"/>
 </way>
 <way id="358034107" visible="true" version="1" changeset="32347354" timestamp="2015-07-02T07:08:45Z" user="Naresh08" uid="2897134">
  <nd ref="3630704574"/>
  <nd ref="3630704570"/>
  <nd ref="3630704566"/>
  <nd ref="3630704568"/>
  <nd ref="3630704574"/>
  <tag k="building" v="yes"/>
 </way>
 <way id="358034114" visible="true" version="1" changeset="32347354" timestamp="2015-07-02T07:08:45Z" user="Naresh08" uid="2897134">
  <nd ref="3630704728"/>
  <nd ref="3630704721"/>
  <nd ref="3630704590"/>
  <nd ref="3630704696"/>
  <nd ref="3630704728"/>
  <tag k="building" v="yes"/>
 </way>
 <way id="358034131" visible="true" version="1" changeset="32347354" timestamp="2015-07-02T07:08:46Z" user="Naresh08" uid="2897134">
  <nd ref="3630705075"/>
  <nd ref="3630705056"/>
  <nd ref="3630705005"/>
  <nd ref="3630705024"/>
  <nd ref="3630705075"/>
  <tag k="building" v="yes"/>
 </way>
 <way id="358034140" visible="true" version="1" changeset="32347354" timestamp="2015-07-02T07:08:46Z" user="Naresh08" uid="2897134">
  <nd ref="3630705216"/>
  <nd ref="3630705208"/>
  <nd ref="3630705074"/>
  <nd ref="3630705084"/>
  <nd ref="3630705216"/>
  <tag k="building" v="yes"/>
 </way>
 <way id="358034186" visible="true" version="1" changeset="32347354" timestamp="2015-07-02T07:08:49Z" user="Naresh08" uid="2897134">
  <nd ref="3630704862"/>
  <nd ref="3630704846"/>
  <nd ref="3630704822"/>
  <nd ref="3630704833"/>
  <nd ref="3630704862"/>
  <tag k="building" v="yes"/>
 </way>
 <way id="358034197" visible="true" version="1" changeset="32347354" timestamp="2015-07-02T07:08:49Z" user="Naresh08" uid="2897134">
  <nd ref="3630705266"/>
  <nd ref="3630705262"/>
  <nd ref="3630705223"/>
  <nd ref="3630705228"/>
  <nd ref="3630705266"/>
  <tag k="building" v="yes"/>
 </way>
 <way id="358034255" visible="true" version="1" changeset="32347354" timestamp="2015-07-02T07:08:52Z" user="Naresh08" uid="2897134">
  <nd ref="3630704863"/>
  <nd ref="3630705043"/>
  <nd ref="3630704999"/>
  <nd ref="3630704831"/>
  <nd ref="3630704863"/>
  <tag k="building" v="yes"/>
 </way>
 <way id="360243720" visible="true" version="1" changeset="32594101" timestamp="2015-07-13T06:09:00Z" user="kushwanth" uid="2901764">
  <nd ref="3648311146"/>
  <nd ref="3648311144"/>
  <nd ref="3648311140"/>
  <nd ref="3648311141"/>
  <nd ref="3648311146"/>
  <tag k="building" v="yes"/>
 </way>
 <way id="360243747" visible="true" version="1" changeset="32594101" timestamp="2015-07-13T06:09:02Z" user="kushwanth" uid="2901764">
  <nd ref="3648311151"/>
  <nd ref="3648311150"/>
  <nd ref="3648311147"/>
  <nd ref="3648311149"/>
  <nd ref="3648311151"/>
  <tag k="building" v="yes"/>
 </way>
 <way id="360243787" visible="true" version="1" changeset="32594101" timestamp="2015-07-13T06:09:04Z" user="kushwanth" uid="2901764">
  <nd ref="3648311161"/>
  <nd ref="3648311160"/>
  <nd ref="3648311156"/>
  <nd ref="3648311159"/>
  <nd ref="3648311161"/>
  <tag k="building" v="yes"/>
 </way>
 <way id="360243791" visible="true" version="1" changeset="32594101" timestamp="2015-07-13T06:09:04Z" user="kushwanth" uid="2901764">
  <nd ref="3648311158"/>
  <nd ref="3648311157"/>
  <nd ref="3648311153"/>
  <nd ref="3648311155"/>
  <nd ref="3648311158"/>
  <tag k="building" v="yes"/>
 </way>
 <way id="360243800" visible="true" version="1" changeset="32594101" timestamp="2015-07-13T06:09:05Z" user="kushwanth" uid="2901764">
  <nd ref="3648311133"/>
  <nd ref="3648311132"/>
  <nd ref="3648311130"/>
  <nd ref="3648311131"/>
  <nd ref="3648311133"/>
  <tag k="building" v="yes"/>
 </way>
 <way id="360243814" visible="true" version="2" changeset="32906698" timestamp="2015-07-27T10:44:35Z" user="maheshrkm" uid="2897465">
  <nd ref="3648311143"/>
  <nd ref="3648311142"/>
  <nd ref="3648311136"/>
  <nd ref="3668470541"/>
  <nd ref="3668470543"/>
  <nd ref="3668470547"/>
  <nd ref="3668470545"/>
  <nd ref="3648311138"/>
  <nd ref="3648311143"/>
  <tag k="building" v="yes"/>
 </way>
 <way id="360243846" visible="true" version="1" changeset="32594101" timestamp="2015-07-13T06:09:07Z" user="kushwanth" uid="2901764">
  <nd ref="3648311154"/>
  <nd ref="3648311152"/>
  <nd ref="3648311145"/>
  <nd ref="3648311148"/>
  <nd ref="3648311154"/>
  <tag k="building" v="yes"/>
 </way>
 <way id="360243860" visible="true" version="1" changeset="32594101" timestamp="2015-07-13T06:09:07Z" user="kushwanth" uid="2901764">
  <nd ref="3648311139"/>
  <nd ref="3648311137"/>
  <nd ref="3648311134"/>
  <nd ref="3648311135"/>
  <nd ref="3648311139"/>
  <tag k="building" v="yes"/>
 </way>
 <way id="360267305" visible="true" version="1" changeset="32596516" timestamp="2015-07-13T08:43:21Z" user="kushwanth" uid="2901764">
  <nd ref="3648487735"/>
  <nd ref="3648487736"/>
  <nd ref="3648487731"/>
  <nd ref="3648487728"/>
  <nd ref="3648487735"/>
  <tag k="building" v="yes"/>
 </way>
 <way id="362573318" visible="true" version="1" changeset="32906698" timestamp="2015-07-27T10:44:23Z" user="maheshrkm" uid="2897465">
  <nd ref="3668470565"/>
  <nd ref="3668470563"/>
  <nd ref="3668470559"/>
  <nd ref="3668470560"/>
  <nd ref="3668470565"/>
  <tag k="building" v="yes"/>
 </way>
 <way id="362573391" visible="true" version="1" changeset="32906698" timestamp="2015-07-27T10:44:27Z" user="maheshrkm" uid="2897465">
  <nd ref="3668470538"/>
  <nd ref="3668470537"/>
  <nd ref="3668470534"/>
  <nd ref="3668470535"/>
  <nd ref="3668470532"/>
  <nd ref="3668470533"/>
  <nd ref="3668470538"/>
  <tag k="building" v="yes"/>
 </way>
 <way id="362573411" visible="true" version="1" changeset="32906698" timestamp="2015-07-27T10:44:28Z" user="maheshrkm" uid="2897465">
  <nd ref="3668470540"/>
  <nd ref="3668470544"/>
  <nd ref="3668470542"/>
  <nd ref="3668470549"/>
  <nd ref="3668470550"/>
  <nd ref="3668470551"/>
  <nd ref="3668470546"/>
  <nd ref="3668470536"/>
  <nd ref="3668470540"/>
  <tag k="building" v="yes"/>
 </way>
 <way id="362573412" visible="true" version="1" changeset="32906698" timestamp="2015-07-27T10:44:28Z" user="maheshrkm" uid="2897465">
  <nd ref="3668470564"/>
  <nd ref="3668470562"/>
  <nd ref="3668470561"/>
  <nd ref="3668470558"/>
  <nd ref="3668470557"/>
  <nd ref="3668470556"/>
  <nd ref="3668470554"/>
  <nd ref="3668470555"/>
  <nd ref="3668470564"/>
  <tag k="building" v="yes"/>
 </way>
 <way id="656289715" visible="true" version="1" changeset="65617620" timestamp="2018-12-19T17:03:42Z" user="8XVHdmB2BC7kUQcY" uid="8125743">
  <nd ref="6148007519"/>
  <nd ref="6148007518"/>
  <nd ref="6148007517"/>
  <nd ref="6148007516"/>
  <nd ref="6148007519"/>
  <tag k="building" v="yes"/>
 </way>
 <way id="656289716" visible="true" version="1" changeset="65617620" timestamp="2018-12-19T17:03:42Z" user="8XVHdmB2BC7kUQcY" uid="8125743">
  <nd ref="6148007523"/>
  <nd ref="6148007522"/>
  <nd ref="6148007521"/>
  <nd ref="6148007520"/>
  <nd ref="6148007523"/>
  <tag k="building" v="yes"/>
 </way>
 <way id="656289717" visible="true" version="1" changeset="65617620" timestamp="2018-12-19T17:03:42Z" user="8XVHdmB2BC7kUQcY" uid="8125743">
  <nd ref="6148007527"/>
  <nd ref="6148007526"/>
  <nd ref="6148007525"/>
  <nd ref="6148007524"/>
  <nd ref="6148007527"/>
  <tag k="building" v="yes"/>
 </way>
 <way id="656289718" visible="true" version="1" changeset="65617620" timestamp="2018-12-19T17:03:42Z" user="8XVHdmB2BC7kUQcY" uid="8125743">
  <nd ref="6148007531"/>
  <nd ref="6148007530"/>
  <nd ref="6148007529"/>
  <nd ref="6148007528"/>
  <nd ref="6148007531"/>
  <tag k="building" v="yes"/>
 </way>
 <way id="863077362" visible="true" version="1" changeset="92962280" timestamp="2020-10-23T16:58:16Z" user="ROCKY VAI" uid="11522948">
  <nd ref="8040296067"/>
  <nd ref="8040296068"/>
  <nd ref="8040296069"/>
  <nd ref="8040296070"/>
  <nd ref="8040296067"/>
  <tag k="leisure" v="pitch"/>
  <tag k="sport" v="soccer"/>
 </way>
 <way id="1040121788" visible="true" version="1" changeset="118455926" timestamp="2022-03-14T06:40:30Z" user="VLD256" uid="10979439">
  <nd ref="9577047980"/>
  <nd ref="9577047979"/>
  <tag k="highway" v="residential"/>
  <tag k="source" v="maxar"/>
 </way>
 <way id="1042556151" visible="true" version="1" changeset="118766836" timestamp="2022-03-22T08:06:42Z" user="Belwal11" uid="14819380">
  <nd ref="9596729613"/>
  <nd ref="9596729585"/>
  <tag k="highway" v="residential"/>
 </way>
 <way id="1042556152" visible="true" version="1" changeset="118766836" timestamp="2022-03-22T08:06:42Z" user="Belwal11" uid="14819380">
  <nd ref="9596729611"/>
  <nd ref="9596729593"/>
  <nd ref="9596729592"/>
  <nd ref="9596729591"/>
  <nd ref="9596729585"/>
  <nd ref="9596729594"/>
  <nd ref="9596729587"/>
  <nd ref="9596729590"/>
  <nd ref="9596729586"/>
  <nd ref="9596729589"/>
  <nd ref="9596729588"/>
  <tag k="highway" v="residential"/>
 </way>
 <way id="1042556153" visible="true" version="1" changeset="118766836" timestamp="2022-03-22T08:06:42Z" user="Belwal11" uid="14819380">
  <nd ref="9596729598"/>
  <nd ref="9596729597"/>
  <nd ref="9596729596"/>
  <nd ref="9596729595"/>
  <nd ref="9596729594"/>
  <tag k="highway" v="residential"/>
 </way>
 <way id="1042556154" visible="true" version="2" changeset="138967694" timestamp="2023-07-25T04:48:51Z" user="ana_t7" uid="18715492">
  <nd ref="2246732347"/>
  <nd ref="11066154461"/>
  <tag k="highway" v="residential"/>
 </way>
 <way id="1042556155" visible="true" version="1" changeset="118766836" timestamp="2022-03-22T08:06:42Z" user="Belwal11" uid="14819380">
  <nd ref="2246732356"/>
  <nd ref="9596729599"/>
  <tag k="highway" v="residential"/>
 </way>
 <way id="1042556156" visible="true" version="1" changeset="118766836" timestamp="2022-03-22T08:06:42Z" user="Belwal11" uid="14819380">
  <nd ref="9596729600"/>
  <nd ref="9596729609"/>
  <tag k="highway" v="residential"/>
 </way>
 <way id="1042556157" visible="true" version="1" changeset="118766836" timestamp="2022-03-22T08:06:42Z" user="Belwal11" uid="14819380">
  <nd ref="9596765018"/>
  <nd ref="9596765017"/>
  <tag k="highway" v="residential"/>
 </way>
 <way id="1042556160" visible="true" version="1" changeset="118766836" timestamp="2022-03-22T08:06:42Z" user="Belwal11" uid="14819380">
  <nd ref="2246732363"/>
  <nd ref="9596765022"/>
  <tag k="highway" v="residential"/>
 </way>
 <way id="1042556169" visible="true" version="1" changeset="118766836" timestamp="2022-03-22T08:06:42Z" user="Belwal11" uid="14819380">
  <nd ref="2246732368"/>
  <nd ref="9596765061"/>
  <nd ref="9596765060"/>
  <nd ref="9596765057"/>
  <nd ref="9596765021"/>
  <nd ref="9596765059"/>
  <nd ref="9596765058"/>
  <tag k="highway" v="residential"/>
 </way>
 <way id="1062848407" visible="true" version="2" changeset="155635336" timestamp="2024-08-23T06:22:02Z" user="subhankara" uid="19574788">
  <nd ref="9576771639"/>
  <nd ref="9763792331"/>
  <nd ref="9763792332"/>
  <nd ref="12129063353"/>
  <nd ref="9763792333"/>
  <nd ref="2246732345"/>
  <tag k="highway" v="residential"/>
  <tag k="source" v="maxar"/>
 </way>
 <way id="1310007882" visible="true" version="1" changeset="155635336" timestamp="2024-08-23T06:22:02Z" user="subhankara" uid="19574788">
  <nd ref="12129063353"/>
  <nd ref="12129063354"/>
  <nd ref="12129063355"/>
  <nd ref="12129063356"/>
  <nd ref="12129063357"/>
  <nd ref="12129063359"/>
  <nd ref="12129063358"/>
  <tag k="highway" v="residential"/>
 </way>
 <way id="1503813534" visible="true" version="1" changeset="181830249" timestamp="2026-04-26T05:13:17Z" user="Ritam Saha" uid="20056617">
  <nd ref="13762422129"/>
  <nd ref="13762422128"/>
  <nd ref="13762422126"/>
  <nd ref="13762422125"/>
  <nd ref="13762422124"/>
  <nd ref="13762422123"/>
  <nd ref="13762422122"/>
  <nd ref="13762422121"/>
  <nd ref="13762422120"/>
  <nd ref="13762422119"/>
  <nd ref="13762422118"/>
  <nd ref="13762422117"/>
  <nd ref="13762422116"/>
  <nd ref="13762422115"/>
  <nd ref="13762422114"/>
  <nd ref="13762422127"/>
  <nd ref="13762422129"/>
  <tag k="building" v="yes"/>
 </way>
 <way id="1503813535" visible="true" version="1" changeset="181830249" timestamp="2026-04-26T05:13:17Z" user="Ritam Saha" uid="20056617">
  <nd ref="13762422133"/>
  <nd ref="13762422132"/>
  <nd ref="13762422131"/>
  <nd ref="13762422130"/>
  <nd ref="13762422133"/>
  <tag k="landuse" v="recreation_ground"/>
 </way>
 <relation id="4576653" visible="true" version="83" changeset="174644588" timestamp="2025-11-14T11:46:19Z" user="alivapanda" uid="19505674">
  <member type="way" ref="1063032148" role=""/>
  <member type="way" ref="327398521" role=""/>
  <member type="way" ref="1063031708" role=""/>
  <member type="way" ref="1063031707" role=""/>
  <member type="way" ref="1063031709" role=""/>
  <member type="way" ref="263969044" role=""/>
  <member type="way" ref="1063031703" role=""/>
  <member type="way" ref="1063031702" role=""/>
  <member type="way" ref="327398506" role=""/>
  <member type="way" ref="1142120239" role=""/>
  <member type="way" ref="206382294" role=""/>
  <member type="way" ref="231293912" role=""/>
  <member type="way" ref="231293915" role=""/>
  <member type="way" ref="327399865" role=""/>
  <member type="way" ref="1135378930" role=""/>
  <member type="way" ref="1135378929" role=""/>
  <member type="way" ref="327399866" role=""/>
  <member type="way" ref="231293921" role=""/>
  <member type="way" ref="1137135572" role=""/>
  <member type="way" ref="1137135573" role=""/>
  <member type="way" ref="231293914" role=""/>
  <member type="way" ref="22827406" role=""/>
  <member type="way" ref="1051350462" role=""/>
  <member type="way" ref="1133082008" role=""/>
  <member type="way" ref="1133082009" role=""/>
  <member type="way" ref="1051350461" role=""/>
  <member type="way" ref="1136877515" role=""/>
  <member type="way" ref="1136877516" role=""/>
  <member type="way" ref="1051350460" role=""/>
  <member type="way" ref="1051350459" role=""/>
  <member type="way" ref="326043525" role=""/>
  <member type="way" ref="1051350448" role=""/>
  <member type="way" ref="1051350447" role=""/>
  <member type="way" ref="1051350446" role=""/>
  <member type="way" ref="1450655933" role=""/>
  <member type="way" ref="1051350449" role=""/>
  <member type="way" ref="231293918" role=""/>
  <member type="way" ref="1450655934" role=""/>
  <member type="way" ref="1051360491" role=""/>
  <member type="way" ref="1051360490" role=""/>
  <member type="way" ref="1051360485" role=""/>
  <member type="way" ref="1051360484" role=""/>
  <member type="way" ref="1051370412" role=""/>
  <member type="way" ref="326043529" role=""/>
  <member type="way" ref="1138253234" role=""/>
  <member type="way" ref="1138253235" role=""/>
  <member type="way" ref="326043526" role=""/>
  <member type="way" ref="1051370411" role=""/>
  <member type="way" ref="326043531" role=""/>
  <member type="way" ref="1137488968" role=""/>
  <member type="way" ref="1137488969" role=""/>
  <member type="way" ref="843594267" role=""/>
  <member type="way" ref="1138288124" role=""/>
  <member type="way" ref="1138288125" role=""/>
  <member type="way" ref="1133100561" role=""/>
  <member type="way" ref="1138236994" role=""/>
  <member type="way" ref="1133100560" role=""/>
  <member type="way" ref="1138236995" role=""/>
  <member type="way" ref="1133094816" role=""/>
  <member type="way" ref="1133094817" role=""/>
  <member type="way" ref="1133094818" role=""/>
  <member type="way" ref="1133094819" role=""/>
  <member type="way" ref="843594268" role=""/>
  <member type="way" ref="1133094820" role=""/>
  <member type="way" ref="1133094821" role=""/>
  <member type="way" ref="1137144207" role=""/>
  <member type="way" ref="1137144206" role=""/>
  <member type="way" ref="1133094822" role=""/>
  <member type="way" ref="1133094823" role=""/>
  <member type="way" ref="1137141502" role=""/>
  <member type="way" ref="1137141503" role=""/>
  <member type="way" ref="326043530" role=""/>
  <member type="way" ref="1133094824" role=""/>
  <member type="way" ref="1133094825" role=""/>
  <member type="way" ref="1133094826" role=""/>
  <member type="way" ref="1133094827" role=""/>
  <member type="way" ref="1133094828" role=""/>
  <member type="way" ref="1133094829" role=""/>
  <member type="way" ref="1133094830" role=""/>
  <member type="way" ref="1133094831" role=""/>
  <member type="way" ref="1133084228" role=""/>
  <member type="way" ref="1133084229" role=""/>
  <member type="way" ref="1133084230" role=""/>
  <member type="way" ref="1133084231" role=""/>
  <member type="way" ref="1133084232" role=""/>
  <member type="way" ref="1133084233" role=""/>
  <member type="way" ref="1133084234" role=""/>
  <member type="way" ref="1133084235" role=""/>
  <member type="way" ref="326043528" role=""/>
  <member type="way" ref="1133084236" role=""/>
  <member type="way" ref="1133084237" role=""/>
  <member type="way" ref="1133084238" role=""/>
  <member type="way" ref="1133084239" role=""/>
  <member type="way" ref="1133084240" role=""/>
  <member type="way" ref="1133084241" role=""/>
  <member type="way" ref="326043532" role=""/>
  <member type="way" ref="327405057" role=""/>
  <member type="way" ref="1139155658" role=""/>
  <member type="way" ref="1139155659" role=""/>
  <member type="way" ref="327400187" role=""/>
  <member type="way" ref="1133157825" role=""/>
  <member type="way" ref="1133157826" role=""/>
  <member type="way" ref="327850940" role=""/>
  <member type="way" ref="1138571646" role=""/>
  <member type="way" ref="1138571647" role=""/>
  <member type="way" ref="1138573417" role=""/>
  <member type="way" ref="1138573418" role=""/>
  <member type="way" ref="971945479" role=""/>
  <member type="way" ref="1138582637" role=""/>
  <member type="way" ref="1133082005" role=""/>
  <member type="way" ref="1138582636" role=""/>
  <member type="way" ref="1133082006" role=""/>
  <member type="way" ref="327404422" role=""/>
  <member type="way" ref="168540412" role=""/>
  <member type="way" ref="173022584" role=""/>
  <member type="way" ref="732547015" role=""/>
  <member type="way" ref="732547014" role=""/>
  <member type="way" ref="173020367" role=""/>
  <member type="way" ref="240892504" role=""/>
  <member type="way" ref="240892505" role=""/>
  <member type="way" ref="174644242" role=""/>
  <member type="way" ref="327404423" role=""/>
  <member type="way" ref="618724534" role=""/>
  <member type="way" ref="1029252014" role=""/>
  <member type="way" ref="1029252013" role=""/>
  <member type="way" ref="618724537" role=""/>
  <member type="way" ref="328148428" role=""/>
  <member type="way" ref="328148429" role=""/>
  <member type="way" ref="161136332" role=""/>
  <member type="way" ref="161136330" role=""/>
  <member type="way" ref="1029269439" role=""/>
  <member type="way" ref="1374357866" role=""/>
  <member type="way" ref="1311410819" role=""/>
  <member type="way" ref="449234699" role=""/>
  <member type="way" ref="1374357865" role=""/>
  <member type="way" ref="136687666" role=""/>
  <member type="way" ref="1374357864" role=""/>
  <member type="way" ref="136687663" role=""/>
  <member type="way" ref="1311410820" role=""/>
  <member type="way" ref="128551140" role=""/>
  <member type="way" ref="136687664" role=""/>
  <member type="way" ref="1132720510" role=""/>
  <member type="way" ref="1133062532" role=""/>
  <member type="way" ref="136687665" role=""/>
  <member type="way" ref="1201600841" role=""/>
  <member type="way" ref="1201600842" role=""/>
  <member type="way" ref="638600081" role=""/>
  <member type="way" ref="1433511384" role=""/>
  <member type="way" ref="1132726742" role=""/>
  <member type="way" ref="379070258" role=""/>
  <member type="way" ref="1005831089" role=""/>
  <member type="way" ref="1132720511" role=""/>
  <member type="way" ref="659299355" role=""/>
  <member type="way" ref="638600114" role=""/>
  <member type="way" ref="379070443" role=""/>
  <member type="way" ref="1132720512" role=""/>
  <member type="way" ref="638600702" role=""/>
  <member type="way" ref="1005831091" role=""/>
  <member type="way" ref="1433511383" role=""/>
  <member type="way" ref="325649495" role=""/>
  <member type="way" ref="406621560" role=""/>
  <member type="way" ref="1434329409" role=""/>
  <member type="way" ref="406621561" role=""/>
  <member type="way" ref="206368168" role=""/>
  <member type="way" ref="1434329406" role=""/>
  <member type="way" ref="1433511382" role=""/>
  <member type="way" ref="1132531462" role=""/>
  <member type="way" ref="1433509893" role=""/>
  <member type="way" ref="1433509894" role=""/>
  <member type="way" ref="52153285" role=""/>
  <member type="way" ref="1427627457" role=""/>
  <member type="way" ref="1087118360" role=""/>
  <member type="way" ref="52153175" role=""/>
  <member type="way" ref="1427627456" role=""/>
  <member type="way" ref="1126744153" role=""/>
  <member type="way" ref="1353881814" role=""/>
  <member type="way" ref="1126703025" role=""/>
  <member type="way" ref="1133063548" role=""/>
  <member type="way" ref="1132527700" role=""/>
  <member type="way" ref="1434330800" role=""/>
  <member type="way" ref="1132729974" role=""/>
  <member type="way" ref="52153248" role=""/>
  <member type="way" ref="382467467" role=""/>
  <member type="way" ref="382467469" role=""/>
  <member type="way" ref="327082300" role=""/>
  <member type="way" ref="1031951192" role=""/>
  <member type="way" ref="1137230794" role=""/>
  <member type="way" ref="1031951191" role=""/>
  <member type="way" ref="1029944976" role=""/>
  <member type="way" ref="52153941" role=""/>
  <member type="way" ref="52153857" role=""/>
  <member type="way" ref="52153856" role=""/>
  <member type="way" ref="1026925518" role=""/>
  <member type="way" ref="1026925517" role=""/>
  <member type="way" ref="327082299" role=""/>
  <member type="way" ref="52153787" role=""/>
  <member type="way" ref="52153786" role=""/>
  <member type="way" ref="1042140305" role=""/>
  <member type="way" ref="1042140304" role=""/>
  <member type="way" ref="52153634" role=""/>
  <member type="way" ref="154736323" role=""/>
  <member type="way" ref="154736321" role=""/>
  <member type="way" ref="1041122367" role=""/>
  <member type="way" ref="1041122368" role=""/>
  <member type="way" ref="52153695" role=""/>
  <member type="way" ref="52153694" role=""/>
  <member type="way" ref="327405056" role=""/>
  <member type="way" ref="52153698" role=""/>
  <member type="way" ref="128551141" role=""/>
  <member type="way" ref="128551142" role=""/>
  <member type="way" ref="1288011336" role=""/>
  <member type="way" ref="1288011337" role=""/>
  <member type="way" ref="1169802612" role=""/>
  <member type="way" ref="1169802613" role=""/>
  <member type="way" ref="1434335180" role=""/>
  <member type="way" ref="1288011334" role=""/>
  <member type="way" ref="638585523" role=""/>
  <member type="way" ref="1254524539" role=""/>
  <member type="way" ref="1254524538" role=""/>
  <member type="way" ref="1029944975" role=""/>
  <member type="way" ref="327405055" role=""/>
  <member type="way" ref="1029291706" role=""/>
  <member type="way" ref="1029291705" role=""/>
  <member type="way" ref="44371235" role=""/>
  <member type="way" ref="1029291709" role=""/>
  <member type="way" ref="1029291711" role=""/>
  <member type="way" ref="116002561" role=""/>
  <member type="way" ref="1029283779" role=""/>
  <member type="way" ref="1029283778" role=""/>
  <member type="way" ref="1032856394" role=""/>
  <member type="way" ref="1029283780" role=""/>
  <member type="way" ref="1029291710" role=""/>
  <member type="way" ref="1029291712" role=""/>
  <member type="way" ref="52153757" role=""/>
  <member type="way" ref="397787119" role=""/>
  <member type="way" ref="397787120" role=""/>
  <member type="way" ref="1029269441" role=""/>
  <member type="way" ref="1029269440" role=""/>
  <member type="relation" ref="18133767" role=""/>
  <tag k="name" v="West Bengal State Highway 6"/>
  <tag k="network" v="IN:SH:WB"/>
  <tag k="ref" v="SH6"/>
  <tag k="route" v="road"/>
  <tag k="type" v="route"/>
 </relation>
 <relation id="14503339" visible="true" version="17" changeset="172652889" timestamp="2025-09-30T10:10:04Z" user="JediPro" uid="466638">
  <member type="way" ref="44371235" role=""/>
  <member type="way" ref="1029291705" role=""/>
  <member type="way" ref="1029291706" role=""/>
  <member type="way" ref="52153698" role=""/>
  <member type="way" ref="52153694" role=""/>
  <member type="way" ref="327405056" role=""/>
  <member type="way" ref="327405055" role=""/>
  <member type="way" ref="52153695" role=""/>
  <member type="way" ref="1041122368" role=""/>
  <member type="way" ref="1041122367" role=""/>
  <member type="way" ref="154736321" role=""/>
  <member type="way" ref="154736323" role=""/>
  <member type="way" ref="52153634" role=""/>
  <member type="way" ref="1042140305" role=""/>
  <member type="way" ref="52153786" role=""/>
  <member type="way" ref="52153787" role=""/>
  <member type="way" ref="327082299" role=""/>
  <member type="way" ref="1026925518" role=""/>
  <member type="way" ref="52153857" role=""/>
  <member type="way" ref="1026925517" role=""/>
  <member type="way" ref="52153856" role=""/>
  <member type="way" ref="52153941" role=""/>
  <member type="way" ref="1029944976" role=""/>
  <member type="way" ref="1029944975" role=""/>
  <member type="way" ref="1031951191" role=""/>
  <member type="way" ref="1031951192" role=""/>
  <member type="way" ref="1137230794" role=""/>
  <member type="way" ref="382467469" role=""/>
  <member type="way" ref="327082300" role=""/>
  <member type="way" ref="382467467" role=""/>
  <member type="way" ref="52153248" role=""/>
  <member type="way" ref="1434330800" role=""/>
  <member type="way" ref="1132729974" role=""/>
  <member type="way" ref="1133372667" role=""/>
  <member type="way" ref="1132527700" role=""/>
  <member type="way" ref="1133063548" role=""/>
  <member type="way" ref="1126703025" role=""/>
  <member type="way" ref="1353881814" role=""/>
  <member type="way" ref="1126744153" role=""/>
  <member type="way" ref="1427627456" role=""/>
  <member type="way" ref="52153175" role=""/>
  <member type="way" ref="1132531462" role=""/>
  <member type="way" ref="1433509893" role=""/>
  <member type="way" ref="1433509894" role=""/>
  <member type="way" ref="52153285" role=""/>
  <member type="way" ref="1427627457" role=""/>
  <member type="way" ref="1087118360" role=""/>
  <member type="way" ref="206368168" role=""/>
  <member type="way" ref="1434329406" role=""/>
  <member type="way" ref="1433511382" role=""/>
  <member type="way" ref="1434329409" role=""/>
  <member type="way" ref="406621561" role=""/>
  <member type="way" ref="325649495" role=""/>
  <member type="way" ref="1433511383" role=""/>
  <member type="way" ref="406621560" role=""/>
  <member type="way" ref="1005831091" role=""/>
  <member type="way" ref="379070443" role=""/>
  <member type="way" ref="638600702" role=""/>
  <member type="way" ref="1132720512" role=""/>
  <member type="way" ref="638600114" role=""/>
  <tag k="name" v="Grand Trunk Road"/>
  <tag k="route" v="road"/>
  <tag k="type" v="route"/>
  <tag k="wikidata" v="Q300701"/>
  <tag k="wikipedia" v="en:Grand Trunk Road"/>
 </relation>
</osm>
